category,name,lat,lon,snapped_lat,snapped_lon,stage,stage_start_km,distance_to_route,amenity,shop,tourism
water,Charij1,32.3159786,-6.311785,32.3159786,-6.311785,1,0.0,991,drinking_water,,
water,Charij2,32.3198365,-6.275915,32.3198365,-6.275915,1,0.0,978,drinking_water,,
water,,32.3243757,-5.658177,32.3243757,-5.658177,1,0.0,975,drinking_water,,
water,,32.2772592,-5.6558005,32.2772592,-5.6558005,1,0.0,907,drinking_water,,
water,,32.2382622,-6.1179885,32.2382622,-6.1179885,1,0.0,950,drinking_water,,
water,,32.2697413,-6.0546669,32.2697413,-6.0546669,1,0.0,980,drinking_water,,
food,,32.3124135,-5.6504112,32.3124135,-5.6504112,1,0.0,998,cafe,,
food,فضاء فاطمة,32.3189366,-6.333808,32.3189366,-6.333808,1,0.0,721,cafe,,
food,Café Hicham,32.3121057,-5.6505252,32.3121057,-5.6505252,1,0.0,996,cafe,,
food,Kasr Ain Asserdoun,32.3238035,-6.3375893,32.3238035,-6.3375893,1,0.0,157,fast_food,,
food,,32.2381593,-6.1162817,32.2381593,-6.1162817,1,0.0,987,restaurant,,
food,,32.2383295,-6.1162676,32.2383295,-6.1162676,1,0.0,998,cafe,,
hotel,,32.3122642,-5.6504302,32.3122642,-5.6504302,1,0.0,982,,,hostel
hotel,Hôtel Atlas,32.3126899,-5.6504655,32.3126899,-5.6504655,1,0.0,993,,,hotel
hotel,Gite Tighaze,32.3414445,-5.8217134,32.3414445,-5.8217134,1,0.0,949,,,guest_house
hotel,Gite d'Etape Aoujgal,32.3436763,-5.8173176,32.3436763,-5.8173176,1,0.0,940,,,guest_house
hotel,Club Kahrama Béni Mellal,32.3229605,-6.3420007,32.3229605,-6.3420007,1,0.0,551,,,hotel
supermarket,,32.3123549,-5.6507306,32.3123549,-5.6507306,1,0.0,997,,convenience,
pharmacy,Pharmacie Essoumaa صيدلية الصومعة,32.3336603,-6.3353532,32.3336603,-6.3353532,1,0.0,973,pharmacy,,
fuel,Afriquia أفريقيا,32.2362041,-6.1227107,32.2362041,-6.1227107,1,0.0,970,fuel,,
hospital,Centre de Santé Rural Niveau 1 Boutferda,32.3551321,-5.832013,32.3551321,-5.832013,1,0.0,988,clinic,,
water,,31.6434466,-5.8413987,31.6434466,-5.8413987,2,150.0,982,drinking_water,,
water,,31.8308575,-5.470022,31.8308575,-5.470022,2,150.0,960,drinking_water,,
food,,31.6816034,-5.5330784,31.6816034,-5.5330784,2,150.0,972,restaurant,,
food,Restaurant Auberg Afoud,32.0065955,-5.4862633,32.0065955,-5.4862633,2,150.0,997,restaurant,,hostel
food,Auberge Ibrahim,32.0122154,-5.487619,32.0122154,-5.487619,2,150.0,984,restaurant,,hostel
food,Afsou,31.6739549,-5.5438061,31.6739549,-5.5438061,2,150.0,999,restaurant,,hotel
food,Ait Atta,31.6958585,-5.8193435,31.6958585,-5.8193435,2,150.0,992,restaurant,,hotel
food,Al Karam,31.695997,-5.8189704,31.695997,-5.8189704,2,150.0,971,restaurant,,hotel
food,Amazigh,31.6801511,-5.5348015,31.6801511,-5.5348015,2,150.0,919,restaurant,,hotel
food,El Warda,31.6951864,-5.8200253,31.6951864,-5.8200253,2,150.0,951,restaurant,,hotel
food,Imilchil Salon De The,31.6948726,-5.8209873,31.6948726,-5.8209873,2,150.0,991,cafe,,hotel
food,Tafouyt,31.6796251,-5.5341719,31.6796251,-5.5341719,2,150.0,962,restaurant,,hotel
food,Café Mawsim,32.1028506,-5.5250555,32.1028506,-5.5250555,2,150.0,990,cafe,,
food,,32.1560287,-5.6310463,32.1560287,-5.6310463,2,150.0,955,cafe,,
food,,32.1606752,-5.6297091,32.1606752,-5.6297091,2,150.0,938,restaurant,,
food,,32.1551321,-5.630913,32.1551321,-5.630913,2,150.0,921,cafe,,
food,,32.1557194,-5.6311441,32.1557194,-5.6311441,2,150.0,991,restaurant,,
food,,32.1559464,-5.6310331,32.1559464,-5.6310331,2,150.0,964,restaurant,,
food,,32.1561347,-5.6310349,32.1561347,-5.6310349,2,150.0,944,restaurant,,
food,,32.1552812,-5.6310535,32.1552812,-5.6310535,2,150.0,987,cafe,,
food,,32.1558585,-5.6310294,32.1558585,-5.6310294,2,150.0,974,restaurant,,
food,Cafe Restaurant Ifrane,32.1028557,-5.5242763,32.1028557,-5.5242763,2,150.0,943,cafe,,
food,Café restaurant le Presitigia,31.6963374,-5.8173409,31.6963374,-5.8173409,2,150.0,947,restaurant,,
food,La Vallee des Pommes,31.7011403,-5.812703,31.7011403,-5.812703,2,150.0,990,restaurant,,hotel
hotel,Hotel-Camping Addout,31.6810191,-5.5345718,31.6810191,-5.5345718,2,150.0,955,,,hotel
hotel,Chez Bassou,32.1570206,-5.6307307,32.1570206,-5.6307307,2,150.0,984,,,hotel
hotel,Auberge Tislit,32.1966148,-5.6423353,32.1966148,-5.6423353,2,150.0,997,,,guest_house
hotel,Auberge,31.7356677,-5.5500769,31.7356677,-5.5500769,2,150.0,972,,,guest_house
hotel,Hotel Agdal,31.6956495,-5.8196004,31.6956495,-5.8196004,2,150.0,998,,,hotel
hotel,Auberge Adrar,31.6832919,-5.5225036,31.6832919,-5.5225036,2,150.0,986,,,hotel
hotel,Ait Atta chez Hamid,31.6958411,-5.819385,31.6958411,-5.819385,2,150.0,996,,,hotel
hotel,,32.0759165,-5.4777987,32.0759165,-5.4777987,2,150.0,978,,,hotel
hotel,Auberge Atlas,32.1559958,-5.6311212,32.1559958,-5.6311212,2,150.0,960,,,hotel
hotel,Auberge La Victoire,32.1559543,-5.6309207,32.1559543,-5.6309207,2,150.0,962,,,hotel
hotel,Auberge l'Oasis,32.1560338,-5.6309214,32.1560338,-5.6309214,2,150.0,954,,,hotel
hotel,Collier d'Ambre,32.1572254,-5.6313375,32.1572254,-5.6313375,2,150.0,966,,,hotel
hotel,Auberge Tafilalt,32.1027052,-5.5247954,32.1027052,-5.5247954,2,150.0,976,,,guest_house
hotel,,32.1285443,-5.5579206,32.1285443,-5.5579206,2,150.0,980,,,guest_house
hotel,La vallee des Nomades,31.6938457,-5.8232489,31.6938457,-5.8232489,2,150.0,976,,,hotel
hotel,Tadmert,32.1757329,-5.6359837,32.1757329,-5.6359837,2,150.0,980,,,guest_house
hotel,,31.826979,-5.4703746,31.826979,-5.4703746,2,150.0,970,,,hotel
hotel,,32.1554695,-5.6311615,32.1554695,-5.6311615,2,150.0,967,,,hotel
hotel,,32.1551189,-5.6311066,32.1551189,-5.6311066,2,150.0,924,,,hotel
hotel,,32.1573329,-5.6312431,32.1573329,-5.6312431,2,150.0,953,,,hotel
hotel,Jardins de Imilchil,32.160826,-5.6295511,32.160826,-5.6295511,2,150.0,923,,,guest_house
hotel,Auberge Todra,32.1562762,-5.6309422,32.1562762,-5.6309422,2,150.0,995,,,hostel
hotel,Gite d'Etape Chez Zaid Ouchaoua,32.1578901,-5.6312918,32.1578901,-5.6312918,2,150.0,965,,,guest_house
hotel,Hotel Kasbah Adrar,32.1662022,-5.6301405,32.1662022,-5.6301405,2,150.0,977,,,hotel
hotel,Auberge Cascade,32.1598572,-5.6300781,32.1598572,-5.6300781,2,150.0,945,,,guest_house
hotel,Auberge Panorama,31.7534278,-5.4824179,31.7534278,-5.4824179,2,150.0,953,,,hostel
hotel,Auberge Ibrahim,32.0123794,-5.4876682,32.0123794,-5.4876682,2,150.0,976,,,hotel
hotel,,32.160647,-5.6295789,32.160647,-5.6295789,2,150.0,943,,,guest_house
hotel,,32.1964543,-5.6423113,32.1964543,-5.6423113,2,150.0,968,,,guest_house
hotel,Auberge Camping Amskou Imilchil,32.1906911,-5.6387547,32.1906911,-5.6387547,2,150.0,990,,,motel
hotel,Auberge Afoud,32.0065435,-5.4862005,32.0065435,-5.4862005,2,150.0,955,,,guest_house
hotel,Auberge Agoudal,32.0167309,-5.4812456,32.0167309,-5.4812456,2,150.0,962,,,hotel
hotel,Kasbah Citoyenne,32.0138539,-5.4838147,32.0138539,-5.4838147,2,150.0,982,,,hotel
supermarket,,32.0089412,-5.4900401,32.0089412,-5.4900401,2,150.0,972,,convenience,
supermarket,,32.1558589,-5.6310756,32.1558589,-5.6310756,2,150.0,975,,convenience,
supermarket,,32.1421016,-5.5762187,32.1421016,-5.5762187,2,150.0,943,,convenience,
supermarket,,31.6947017,-5.8213859,31.6947017,-5.8213859,2,150.0,939,,convenience,
pharmacy,,31.6962689,-5.8169484,31.6962689,-5.8169484,2,150.0,933,pharmacy,,
pharmacy,,32.1558822,-5.630918,32.1558822,-5.630918,2,150.0,970,pharmacy,,
pharmacy,Pharmacie de centre de M'semrir طيدلية مركز امسمرير,31.6977334,-5.8167833,31.6977334,-5.8167833,2,150.0,997,pharmacy,,
fuel,INOV,32.163507,-5.6299194,32.163507,-5.6299194,2,150.0,935,fuel,,
hospital,Centre de Santé Rural Niveau 2,32.1567737,-5.6313382,32.1567737,-5.6313382,2,150.0,944,clinic,,
atm,Al barid bank,32.1564352,-5.630821,32.1564352,-5.630821,2,150.0,976,atm,,
atm,ATM - El Barid Bank,32.1565273,-5.6309714,32.1565273,-5.6309714,2,150.0,967,atm,,
water,,31.3521062,-6.1031872,31.3521062,-6.1031872,3,300.0,998,drinking_water,,
water,,31.4411403,-6.0113722,31.4411403,-6.0113722,3,300.0,948,drinking_water,,
food,Berbère de la Montagne,31.557878,-5.9095123,31.557878,-5.9095123,3,300.0,989,restaurant,,hotel
food,Hotel Le Vieux Chateau du Dades,31.5233381,-5.9278167,31.5233381,-5.9278167,3,300.0,966,restaurant,,hotel
food,Atlas Berbere,31.5231062,-5.9279514,31.5231062,-5.9279514,3,300.0,995,restaurant,,hotel
food,La Source du Dades,31.552595,-5.907519,31.552595,-5.907519,3,300.0,988,restaurant,,hotel
food,Kasbah des Roches,31.5500739,-5.9096413,31.5500739,-5.9096413,3,300.0,998,restaurant,,hotel
food,Bleu Afriqua,31.5301953,-5.9250925,31.5301953,-5.9250925,3,300.0,959,restaurant,,
food,Taghya,31.550098,-5.9101471,31.550098,-5.9101471,3,300.0,971,restaurant,,camp_site;hotel
food,Kasbah de Lucas,31.538476,-5.9193904,31.538476,-5.9193904,3,300.0,997,restaurant,,hotel
food,La Gazelle du Dades,31.5206441,-5.9300728,31.5206441,-5.9300728,3,300.0,993,restaurant,,hotel
food,Tissa Drine,31.5214844,-5.9296,31.5214844,-5.9296,3,300.0,998,restaurant,,hotel
food,Auberge Chez Pierrette & Moha,31.5155794,-5.9331229,31.5155794,-5.9331229,3,300.0,997,restaurant,,hostel
food,Kasbah de la Valleé,31.5210362,-5.929812,31.5210362,-5.929812,3,300.0,971,restaurant,,hotel
food,Timzzillite,31.5296761,-5.9252327,31.5296761,-5.9252327,3,300.0,977,restaurant,,hotel
food,Les 5 Lunes,31.4952419,-5.950299,31.4952419,-5.950299,3,300.0,968,restaurant,,hotel
food,Amardoul,31.3908437,-6.1200321,31.3908437,-6.1200321,3,300.0,997,restaurant,,
food,Cafe Restaurant Du Marche,31.238995,-6.1281308,31.238995,-6.1281308,3,300.0,995,restaurant,,
food,El Amal,31.2366977,-6.1305506,31.2366977,-6.1305506,3,300.0,998,restaurant,,
food,Etaka,31.2398326,-6.1280703,31.2398326,-6.1280703,3,300.0,998,cafe,,
food,Kasbah Chems,31.383639,-6.1314838,31.383639,-6.1314838,3,300.0,977,cafe,,camp_site;hotel
food,Kasbah D'Idis,31.4219079,-6.0079402,31.4219079,-6.0079402,3,300.0,989,restaurant,,hotel
food,,31.3886155,-6.1250116,31.3886155,-6.1250116,3,300.0,993,restaurant,,hotel
food,Tamaloutte,31.3853591,-6.1302863,31.3853591,-6.1302863,3,300.0,984,restaurant,,hotel
food,Auberge Les Amandiers Chez Sophie,31.5112377,-5.9371403,31.5112377,-5.9371403,3,300.0,962,restaurant,,hotel
food,Aunom De La Rose,31.5590855,-5.9085419,31.5590855,-5.9085419,3,300.0,978,restaurant,,hotel
food,Dar Essyaha,31.4410245,-6.0113894,31.4410245,-6.0113894,3,300.0,943,restaurant,,hotel
food,Etoile Dades,31.5628696,-5.9069764,31.5628696,-5.9069764,3,300.0,951,restaurant,,hotel
food,Isabel,31.4466441,-5.9808662,31.4466441,-5.9808662,3,300.0,999,restaurant,,hotel
food,Kasba Ait Marghad,31.4525018,-5.9690957,31.4525018,-5.9690957,3,300.0,986,restaurant,,hotel
food,Kasbah Ait Arbi,31.4529106,-5.9696883,31.4529106,-5.9696883,3,300.0,970,restaurant,,hotel
food,Kasbah Tifawen Dades,31.4404339,-6.0136742,31.4404339,-6.0136742,3,300.0,976,cafe,,hotel
food,La Terrasse,31.4459991,-5.9816261,31.4459991,-5.9816261,3,300.0,982,restaurant,,hotel
food,La Vallee Des Figues,31.4550135,-5.9737345,31.4550135,-5.9737345,3,300.0,955,restaurant,,hotel
food,,31.5100515,-5.9384029,31.5100515,-5.9384029,3,300.0,990,cafe,,
food,Riad eco bio,31.4368547,-6.0027315,31.4368547,-6.0027315,3,300.0,985,restaurant,,hotel;camping
food,Riad des Vieilles Charrues,31.5015164,-5.9460224,31.5015164,-5.9460224,3,300.0,927,restaurant,,hotel
food,Sidi Boubkere,31.4404544,-5.9910706,31.4404544,-5.9910706,3,300.0,992,restaurant,,hotel
food,Tamazirt,31.4626574,-5.9731548,31.4626574,-5.9731548,3,300.0,995,restaurant,,hotel
food,Tamlalte,31.4471287,-5.9733624,31.4471287,-5.9733624,3,300.0,994,restaurant,,hotel
food,Auberge Miguirne Chez Ali,31.4389797,-5.9929728,31.4389797,-5.9929728,3,300.0,995,restaurant,,
food,Les Amis,31.5102449,-5.938639,31.5102449,-5.938639,3,300.0,986,restaurant,,
food,Ourti,31.4369095,-6.012243,31.4369095,-6.012243,3,300.0,911,restaurant,,
food,,31.2423568,-6.1287924,31.2423568,-6.1287924,3,300.0,997,cafe,,
food,Assalama,31.2399809,-6.1278022,31.2399809,-6.1278022,3,300.0,997,restaurant,,
food,,31.2367657,-6.1297461,31.2367657,-6.1297461,3,300.0,999,cafe,,
food,,31.2362623,-6.1304583,31.2362623,-6.1304583,3,300.0,996,cafe,,
food,Errabiaa,31.2371166,-6.12984,31.2371166,-6.12984,3,300.0,999,restaurant,,
food,Cafe La bellevue,31.2370042,-6.1300613,31.2370042,-6.1300613,3,300.0,995,cafe,,
food,Riad Citadelle Dades,31.4365364,-6.0101101,31.4365364,-6.0101101,3,300.0,996,restaurant,,
food,Restaurant Isabelle,31.4477198,-5.9731053,31.4477198,-5.9731053,3,300.0,972,restaurant,,
food,,31.4478092,-5.9721065,31.4478092,-5.9721065,3,300.0,987,restaurant,,
food,Fatima berber,31.4484867,-5.9796052,31.4484867,-5.9796052,3,300.0,991,restaurant,,
food,Hotel New Mars dades,31.5693203,-5.8982396,31.5693203,-5.8982396,3,300.0,961,restaurant,,
food,Riad Dadès Paradise,31.5027303,-5.9460356,31.5027303,-5.9460356,3,300.0,908,restaurant,,hotel
food,planet of pays,31.5002191,-5.946418,31.5002191,-5.946418,3,300.0,993,restaurant,,
food,,31.4480358,-5.9799728,31.4480358,-5.9799728,3,300.0,994,restaurant,,
food,Dar Ignane Restaurant,31.4491053,-5.9683642,31.4491053,-5.9683642,3,300.0,992,restaurant,,
food,Taghrout,31.436867,-6.0024964,31.436867,-6.0024964,3,300.0,963,cafe,,
food,,31.450039,-5.9686642,31.450039,-5.9686642,3,300.0,991,restaurant,,
food,,31.4491425,-5.9684863,31.4491425,-5.9684863,3,300.0,981,restaurant,,
supermarket,Super Marche,31.4800933,-5.9607338,31.4800933,-5.9607338,3,300.0,982,,convenience,
supermarket,Super Marche,31.4815234,-5.9595435,31.4815234,-5.9595435,3,300.0,991,,convenience,
supermarket,Super Marche,31.5100537,-5.9386184,31.5100537,-5.9386184,3,300.0,915,,convenience,
supermarket,,31.567065,-5.8992854,31.567065,-5.8992854,3,300.0,981,,convenience,
supermarket,,31.5695639,-5.8981206,31.5695639,-5.8981206,3,300.0,934,,convenience,
supermarket,,31.4536272,-5.9658565,31.4536272,-5.9658565,3,300.0,989,,convenience,
supermarket,petit magasin,31.3905735,-6.131943,31.3905735,-6.131943,3,300.0,982,,supermarket,
supermarket,,31.4384033,-6.0152963,31.4384033,-6.0152963,3,300.0,992,,convenience,
supermarket,selouan shop,31.2497452,-6.1277165,31.2497452,-6.1277165,3,300.0,994,,supermarket,
supermarket,,31.3859407,-6.1300313,31.3859407,-6.1300313,3,300.0,983,,convenience,
supermarket,,31.3873301,-6.1274773,31.3873301,-6.1274773,3,300.0,999,,convenience,
pharmacy,Pharmacie Kelaa M'Gouna صيدلية قلعة مكونة,31.2378612,-6.1281695,31.2378612,-6.1281695,3,300.0,996,pharmacy,,
pharmacy,Pharmacie Al Yosr صيدلية اليسر,31.2399431,-6.1282678,31.2399431,-6.1282678,3,300.0,999,pharmacy,,
pharmacy,Pharmacie Tamlalte صيدلية تملالت,31.2420809,-6.1280574,31.2420809,-6.1280574,3,300.0,997,pharmacy,,
pharmacy,Pharmacie Aït Hammou صيدلية ايت حمو,31.2372841,-6.129126,31.2372841,-6.129126,3,300.0,999,pharmacy,,
pharmacy,Pharmacie El Karam صيدلية الكرم,31.2383553,-6.1273732,31.2383553,-6.1273732,3,300.0,999,pharmacy,,
pharmacy,Pharmacie Dades صيدلية دادس,31.2393106,-6.1252011,31.2393106,-6.1252011,3,300.0,996,pharmacy,,
pharmacy,Pharmacie Rose Dades صيدلية ورود دادس,31.2391091,-6.1281744,31.2391091,-6.1281744,3,300.0,999,pharmacy,,
pharmacy,Pharmacie Al Amal صيدلية الأمل,31.240941,-6.1281997,31.240941,-6.1281997,3,300.0,996,pharmacy,,
fuel,TotalEnergies,31.2367532,-6.130436,31.2367532,-6.130436,3,300.0,995,fuel,,
hospital,Cabinet Dr Kassi عيادة الدكتور قاسي,31.240034,-6.1283039,31.240034,-6.1283039,3,300.0,998,doctors,,
hospital,Hôpital kelaat m'gouna,31.2498983,-6.1195622,31.2498983,-6.1195622,3,300.0,999,hospital,,
atm,attijri wafa bank,31.2380889,-6.1277978,31.2380889,-6.1277978,3,300.0,996,bank,,
atm,Crédit Agricole du Maroc,31.2381237,-6.1277351,31.2381237,-6.1277351,3,300.0,997,bank,,
atm,Banque Populaire البنك الشعبي,31.2382315,-6.1280732,31.2382315,-6.1280732,3,300.0,996,bank,,
atm,,31.2369956,-6.1294759,31.2369956,-6.1294759,3,300.0,995,atm,,
food,,30.7327424,-6.6313555,30.7327424,-6.6313555,4,450.0,985,restaurant,,
food,Tigonsa Cafe,30.7380079,-6.6423585,30.7380079,-6.6423585,4,450.0,932,cafe,,
food,Chhiwat Bladi,30.7762032,-6.5291102,30.7762032,-6.5291102,4,450.0,970,restaurant,,
water,,30.5771497,-7.2048855,30.5771497,-7.2048855,5,600.0,946,fountain,,
water,,30.6320257,-7.1134128,30.6320257,-7.1134128,5,600.0,989,drinking_water,,
water,,30.5841675,-7.1562763,30.5841675,-7.1562763,5,600.0,957,drinking_water,,
food,Taghadoute,30.5754478,-7.2054276,30.5754478,-7.2054276,5,600.0,997,restaurant,,hotel
food,,30.5762825,-7.2050971,30.5762825,-7.2050971,5,600.0,961,fast_food,,
food,Café Zafram,30.5779499,-7.205034,30.5779499,-7.205034,5,600.0,973,cafe,,
food,Baba Salh,30.576472,-7.2048746,30.576472,-7.2048746,5,600.0,940,restaurant,,
food,Snack El Mansouri,30.5777053,-7.2043615,30.5777053,-7.2043615,5,600.0,905,fast_food,,
food,,30.5766149,-7.2012586,30.5766149,-7.2012586,5,600.0,595,cafe,,
food,Amoudou,30.5777366,-7.2045219,30.5777366,-7.2045219,5,600.0,921,fast_food,,
food,Snack X.laz,30.5770056,-7.2052379,30.5770056,-7.2052379,5,600.0,978,fast_food,,
food,Bab Sahara,30.5756314,-7.205957,30.5756314,-7.205957,5,600.0,874,restaurant,,
food,Zenaga,30.5760286,-7.205147,30.5760286,-7.205147,5,600.0,967,restaurant,,
food,Boucetta,30.4694035,-7.399646,30.4694035,-7.399646,5,600.0,938,restaurant,,
food,Afriquia أفريقيا,30.5728377,-7.2089101,30.5728377,-7.2089101,5,600.0,945,restaurant,,
hotel,Zenaga,30.5760103,-7.2050836,30.5760103,-7.2050836,5,600.0,961,,,hotel
hotel,Bab Sahara,30.575645,-7.2060104,30.575645,-7.2060104,5,600.0,879,,,hotel
hotel,Auberge des Etoiles نزل النجوم,30.2175238,-7.5796132,30.2175238,-7.5796132,5,600.0,978,,,hotel
hotel,نزل الفردوس أكينان,30.2066754,-7.561975,30.2066754,-7.561975,5,600.0,987,,,hostel
supermarket,,30.5782315,-7.2053884,30.5782315,-7.2053884,5,600.0,841,,convenience,
supermarket,,30.5769279,-7.2010471,30.5769279,-7.2010471,5,600.0,578,,convenience,
supermarket,,30.5769613,-7.2030756,30.5769613,-7.2030756,5,600.0,772,,convenience,
supermarket,,30.4697144,-7.3984759,30.4697144,-7.3984759,5,600.0,916,,convenience,
fuel,Afriquia أفريقيا,30.57294,-7.208993,30.57294,-7.208993,5,600.0,947,fuel,,
fuel,ZIZ,30.469906,-7.3984641,30.469906,-7.3984641,5,600.0,908,fuel,,
fuel,Salama,30.5764158,-7.2054201,30.5764158,-7.2054201,5,600.0,992,fuel,,
fuel,TotalEnergies,30.5769488,-7.2028772,30.5769488,-7.2028772,5,600.0,753,fuel,,
fuel,Shell شل,30.57817,-7.2058125,30.57817,-7.2058125,5,600.0,879,fuel,,
hospital,Centre de Santé Communal Iznaguen المركز السحي الجماعي إزناكن,30.469341,-7.4000672,30.469341,-7.4000672,5,600.0,978,clinic,,
hospital,Hôpital de Taznakht,30.57907,-7.2025273,30.57907,-7.2025273,5,600.0,780,hospital,,
atm,Attijariwafa Bank التجاري وفا بنك,30.5760374,-7.2056037,30.5760374,-7.2056037,5,600.0,837,bank,,
atm,Banque Popularie,30.5754789,-7.2060592,30.5754789,-7.2060592,5,600.0,886,bank,,
water,,29.9449363,-8.4545518,29.9449363,-8.4545518,6,750.0,964,drinking_water,,
water,,29.9383033,-8.3668452,29.9383033,-8.3668452,6,750.0,976,drinking_water,,
water,,29.7489691,-8.9554885,29.7489691,-8.9554885,7,900.0,974,drinking_water,,
water,,29.6154146,-8.6842209,29.6154146,-8.6842209,7,900.0,824,drinking_water,,
water,,29.5383321,-8.8594013,29.5383321,-8.8594013,7,900.0,994,drinking_water,,
water,,29.6573067,-8.9621,29.6573067,-8.9621,7,900.0,996,drinking_water,,
water,,29.6291771,-8.9311409,29.6291771,-8.9311409,7,900.0,999,drinking_water,,
food,"Hotel, Restaurant Tanger",29.7208075,-8.9727766,29.7208075,-8.9727766,7,900.0,994,restaurant,,hotel
food,Chez Massaoud,29.5427868,-8.8674689,29.5427868,-8.8674689,7,900.0,926,cafe,,
food,A Tete Du Lion,29.7546308,-8.9595707,29.7546308,-8.9595707,7,900.0,983,restaurant,,hotel
food,Argana,29.7165468,-8.9700087,29.7165468,-8.9700087,7,900.0,999,restaurant,,hotel
food,Camp L'arganier D'almmelne,29.7558743,-8.962183,29.7558743,-8.962183,7,900.0,986,restaurant,,hotel
food,Redouane,29.720405,-8.9724932,29.720405,-8.9724932,7,900.0,942,restaurant,,hotel
food,Tafraout,29.7199995,-8.9718471,29.7199995,-8.9718471,7,900.0,989,restaurant,,hotel
food,Alfath,29.7195686,-8.9714673,29.7195686,-8.9714673,7,900.0,989,cafe,,
food,Cafe Restaurant Atlas,29.7196591,-8.9743551,29.7196591,-8.9743551,7,900.0,950,restaurant,,
food,L'Etoile Du Sud,29.7207591,-8.9751465,29.7207591,-8.9751465,7,900.0,627,restaurant,,
food,cafè chez Omar,29.5288215,-8.8508893,29.5288215,-8.8508893,7,900.0,925,cafe,,
food,,29.7211912,-8.9744578,29.7211912,-8.9744578,7,900.0,615,cafe,,
food,,29.7210727,-8.9743032,29.7210727,-8.9743032,7,900.0,595,cafe,,
food,,29.7244264,-8.9710934,29.7244264,-8.9710934,7,900.0,830,cafe,,
food,,29.7211857,-8.9738272,29.7211857,-8.9738272,7,900.0,577,restaurant,,
food,,29.7213036,-8.9739922,29.7213036,-8.9739922,7,900.0,597,restaurant,,
food,,29.7208826,-8.9731714,29.7208826,-8.9731714,7,900.0,992,fast_food,,
food,,29.720659,-8.973052,29.720659,-8.973052,7,900.0,989,cafe,,
food,,29.7205014,-8.97207,29.7205014,-8.97207,7,900.0,939,fast_food,,
food,,29.7199648,-8.9714648,29.7199648,-8.9714648,7,900.0,974,cafe,,
food,,29.7199097,-8.9714407,29.7199097,-8.9714407,7,900.0,999,restaurant,,
food,,29.7214611,-8.9720878,29.7214611,-8.9720878,7,900.0,525,cafe,,
food,Le Marrakech,29.7207172,-8.9740185,29.7207172,-8.9740185,7,900.0,547,restaurant,,
food,La KASBAH,29.7186957,-8.9711798,29.7186957,-8.9711798,7,900.0,995,restaurant,,
food,La Kasbah,29.7187037,-8.9713265,29.7187037,-8.9713265,7,900.0,971,restaurant,,
food,Chez Nadia,29.7181118,-8.9781792,29.7181118,-8.9781792,7,900.0,770,restaurant,,
food,,29.7535855,-9.0054626,29.7535855,-9.0054626,7,900.0,956,restaurant,,
food,,29.7179798,-8.9785115,29.7179798,-8.9785115,7,900.0,799,restaurant,,
food,,29.7216264,-8.9745454,29.7216264,-8.9745454,7,900.0,658,restaurant,,
food,Les Rochers Peints,29.7172754,-8.9768286,29.7172754,-8.9768286,7,900.0,923,restaurant,,hotel
food,Cafè Ait Mansour,29.5402827,-8.8641154,29.5402827,-8.8641154,7,900.0,966,cafe,,
food,Cafè Restaurant Chez Mustapha,29.5397819,-8.8638546,29.5397819,-8.8638546,7,900.0,911,cafe,,
hotel,Hotel saint antoine,29.7195412,-8.976468,29.7195412,-8.976468,7,900.0,658,,,hotel
hotel,Chez Amaliya,29.7531695,-8.96739,29.7531695,-8.96739,7,900.0,977,,,hotel
hotel,Bed & breakfast,29.548062,-8.8782857,29.548062,-8.8782857,7,900.0,999,,,guest_house
hotel,Maison Afoulki,29.7168306,-8.9704218,29.7168306,-8.9704218,7,900.0,973,,,guest_house
hotel,,29.7198543,-8.972958,29.7198543,-8.972958,7,900.0,990,,,hotel
hotel,Azur Tafraout,29.7151441,-8.9788133,29.7151441,-8.9788133,7,900.0,991,,,hotel
hotel,Hotel L' Arganier d' Ammelne,29.7558448,-8.9622183,29.7558448,-8.9622183,7,900.0,984,,,hotel
hotel,Hotel appart agranier tafraoute,29.722098,-8.9744256,29.722098,-8.9744256,7,900.0,693,,,hotel
hotel,Maison d'hôte arganino,29.7197279,-8.9739672,29.7197279,-8.9739672,7,900.0,936,,,guest_house
hotel,Maison Tigmi Ozro,29.7175133,-8.9784967,29.7175133,-8.9784967,7,900.0,792,,,guest_house
hotel,Auberge Ait Mansour Hanane. Chez Abdou,29.5477626,-8.8780157,29.5477626,-8.8780157,7,900.0,980,,,hotel
hotel,Hôtel Les Amis,29.7203745,-8.9717764,29.7203745,-8.9717764,7,900.0,917,,,hotel
hotel,Gite Gdourt,29.5218664,-8.845156,29.5218664,-8.845156,7,900.0,964,,,guest_house
hotel,Les Amandiers,29.7178047,-8.9744836,29.7178047,-8.9744836,7,900.0,996,,,hotel
hotel,Hotel Espace Tifaouine,29.7224266,-8.9723639,29.7224266,-8.9723639,7,900.0,636,,,hotel
hotel,Hotel Tanger,29.7208126,-8.9727286,29.7208126,-8.9727286,7,900.0,993,,,hotel
hotel,Hotel Salama,29.7201699,-8.9728878,29.7201699,-8.9728878,7,900.0,933,,,hotel
hotel,Hotel Redouane,29.7202472,-8.9723379,29.7202472,-8.9723379,7,900.0,921,,,hotel
hotel,,29.7178752,-8.9742928,29.7178752,-8.9742928,7,900.0,991,,,hotel
pharmacy,Pharmacie Al Massira صيدلية المسيرة,29.7198109,-8.9746952,29.7198109,-8.9746952,7,900.0,982,pharmacy,,
pharmacy,Pharmacie Principale الصيدلية الرئيسية,29.7204644,-8.9718394,29.7204644,-8.9718394,7,900.0,928,pharmacy,,
pharmacy,Pharmacie Issafarn صيدلية إسفارن,29.7240627,-8.9720113,29.7240627,-8.9720113,7,900.0,803,pharmacy,,
fuel,Afriquia أفريقيا,29.7209618,-8.9737965,29.7209618,-8.9737965,7,900.0,555,fuel,,
fuel,Afriquia أفريقيا,29.7200952,-8.9720692,29.7200952,-8.9720692,7,900.0,981,fuel,,
fuel,Afriquia أفريقيا,29.726666,-8.9724006,29.726666,-8.9724006,7,900.0,778,fuel,,
hospital,,29.7202983,-8.9742626,29.7202983,-8.9742626,7,900.0,982,doctors,,
food,,30.4550672,-9.3597571,30.4550672,-9.3597571,8,1050.1,974,restaurant,,
food,Aire de service Amskroud,30.4551042,-9.3599529,30.4551042,-9.3599529,8,1050.1,964,cafe,,
food,Café Ait Mzal,30.0718524,-9.154515,30.0718524,-9.154515,8,1050.1,929,cafe,,
food,,30.3998965,-9.3859412,30.3998965,-9.3859412,8,1050.1,959,cafe,,
food,café tizi,30.0716065,-9.1541016,30.0716065,-9.1541016,8,1050.1,950,restaurant,,
food,,30.0730066,-9.1520103,30.0730066,-9.1520103,8,1050.1,967,cafe,,
food,Asdim cooperative Bio,30.0722218,-9.1685196,30.0722218,-9.1685196,8,1050.1,931,restaurant,,
hotel,Hôtel Al Adarissa,30.0721324,-9.1542713,30.0721324,-9.1542713,8,1050.1,965,,,hotel
supermarket,,30.4550903,-9.3598965,30.4550903,-9.3598965,8,1050.1,967,,convenience,
pharmacy,,29.7744864,-9.1688394,29.7744864,-9.1688394,8,1050.1,993,pharmacy,,
pharmacy,Pharmacie Adrar صيدلية أدرار,30.0715018,-9.1547857,30.0715018,-9.1547857,8,1050.1,964,pharmacy,,
pharmacy,Grande Pharmacie Ait Baha الصيدلية الكبرى ايت باها,30.0722715,-9.1536783,30.0722715,-9.1536783,8,1050.1,949,pharmacy,,
pharmacy,Pharmacie Ait Moussa صيدلية أيت موسى,30.3680269,-9.366791,30.3680269,-9.366791,8,1050.1,968,pharmacy,,
pharmacy,Pharmacie Tamait صيدلية تماعيت,30.3941903,-9.3837785,30.3941903,-9.3837785,8,1050.1,958,pharmacy,,
fuel,TOTAL,30.0728037,-9.1515073,30.0728037,-9.1515073,8,1050.1,998,fuel,,
fuel,Salama Station,29.7786079,-9.1697248,29.7786079,-9.1697248,8,1050.1,968,fuel,,
fuel,TotalEnergies,30.4547395,-9.3599,30.4547395,-9.3599,8,1050.1,939,fuel,,
fuel,TotalEnergies,30.4548854,-9.3600933,30.4548854,-9.3600933,8,1050.1,937,fuel,,
fuel,Ziz,30.0402312,-9.231747,30.0402312,-9.231747,8,1050.1,960,fuel,,
atm,,30.0710139,-9.1554543,30.0710139,-9.1554543,8,1050.1,962,atm,,
atm,,30.070985,-9.1554763,30.070985,-9.1554763,8,1050.1,959,bank,,
water,,30.7368907,-9.6149642,30.7368907,-9.6149642,9,1200.2,960,water_point,,
food,Chez Karim,30.840518,-9.820425,30.840518,-9.820425,9,1200.2,975,restaurant,,
food,,30.8388633,-9.821223,30.8388633,-9.821223,9,1200.2,954,restaurant,,
food,,30.8382866,-9.8216332,30.8382866,-9.8216332,9,1200.2,973,restaurant,,
food,La CrePierre,30.8406859,-9.8206786,30.8406859,-9.8206786,9,1200.2,978,restaurant,,
food,Chillax Imsouane,30.8440093,-9.819246,30.8440093,-9.819246,9,1200.2,998,restaurant,,
food,Le Sunset,30.8407586,-9.8207605,30.8407586,-9.8207605,9,1200.2,977,restaurant,,
food,La petite pause,30.8405826,-9.8208004,30.8405826,-9.8208004,9,1200.2,994,fast_food,,
food,,30.840266,-9.8197619,30.840266,-9.8197619,9,1200.2,955,cafe,,
food,,30.8447364,-9.8190674,30.8447364,-9.8190674,9,1200.2,994,restaurant,,
food,,30.8404154,-9.8200908,30.8404154,-9.8200908,9,1200.2,962,fast_food,,
food,Anzar,30.8407163,-9.8203797,30.8407163,-9.8203797,9,1200.2,956,restaurant,,
food,,30.8383741,-9.8215438,30.8383741,-9.8215438,9,1200.2,961,cafe,,
food,Tifrit,30.5783878,-9.5346793,30.5783878,-9.5346793,9,1200.2,963,restaurant,,
food,,30.5885898,-9.5259255,30.5885898,-9.5259255,9,1200.2,984,fast_food,,
food,Chez Ibrahim,30.5880385,-9.528632,30.5880385,-9.528632,9,1200.2,998,restaurant,,
food,,30.5879889,-9.5289052,30.5879889,-9.5289052,9,1200.2,976,restaurant,,
food,,30.5888042,-9.5253615,30.5888042,-9.5253615,9,1200.2,969,fast_food,,
food,,30.8405861,-9.7871961,30.8405861,-9.7871961,9,1200.2,986,cafe,,
food,Café Tamazight,30.8398146,-9.8200432,30.8398146,-9.8200432,9,1200.2,952,restaurant,,
food,La source,30.5886202,-9.5294051,30.5886202,-9.5294051,9,1200.2,999,cafe,,
food,Panorama Coffee,30.5877506,-9.529426,30.5877506,-9.529426,9,1200.2,993,cafe,,
food,Les 3S,30.8405197,-9.8205859,30.8405197,-9.8205859,9,1200.2,985,restaurant,,
food,,30.8399176,-9.8200121,30.8399176,-9.8200121,9,1200.2,940,cafe,,
food,,30.8402818,-9.8194269,30.8402818,-9.8194269,9,1200.2,995,fast_food,,
food,Gite rural Sousse,30.5965841,-9.5191379,30.5965841,-9.5191379,9,1200.2,978,restaurant,,
food,,30.8409254,-9.820718,30.8409254,-9.820718,9,1200.2,961,fast_food,,
food,,30.8407613,-9.8207575,30.8407613,-9.8207575,9,1200.2,977,fast_food,,
food,,30.5876051,-9.5286418,30.5876051,-9.5286418,9,1200.2,962,restaurant,,
food,,30.5885301,-9.5270541,30.5885301,-9.5270541,9,1200.2,960,restaurant,,
food,Momo,30.8436048,-9.8211745,30.8436048,-9.8211745,9,1200.2,965,restaurant,,
food,Coffee Rocks,30.5593309,-9.5466594,30.5593309,-9.5466594,9,1200.2,950,cafe,,
food,Chor,30.5883653,-9.5269108,30.5883653,-9.5269108,9,1200.2,957,cafe,,
food,Brahim's Paradis,30.5687397,-9.5364713,30.5687397,-9.5364713,9,1200.2,978,restaurant,,
food,,30.5878849,-9.5285976,30.5878849,-9.5285976,9,1200.2,987,restaurant,,
food,,30.5878904,-9.5285468,30.5878904,-9.5285468,9,1200.2,991,restaurant,,
food,,30.588398,-9.5270246,30.588398,-9.5270246,9,1200.2,952,restaurant,,
food,,30.5877699,-9.5279987,30.5877699,-9.5279987,9,1200.2,928,restaurant,,
food,Cafe du miel,30.5398688,-9.5744533,30.5398688,-9.5744533,9,1200.2,977,cafe,,
food,café Terrasse du paradis,30.5876483,-9.5285375,30.5876483,-9.5285375,9,1200.2,973,cafe,,
hotel,,30.8478212,-9.8176722,30.8478212,-9.8176722,9,1200.2,998,,,hostel
hotel,Tide Hunter Surf House,30.8437396,-9.8190465,30.8437396,-9.8190465,9,1200.2,991,,,hotel
hotel,,30.840715,-9.8199779,30.840715,-9.8199779,9,1200.2,994,,,hostel
hotel,,30.841015,-9.8209696,30.841015,-9.8209696,9,1200.2,972,,,guest_house
hotel,,30.8397863,-9.8202717,30.8397863,-9.8202717,9,1200.2,967,,,hostel
hotel,,30.8442912,-9.8216846,30.8442912,-9.8216846,9,1200.2,980,,,hostel
hotel,,30.8443272,-9.8217391,30.8443272,-9.8217391,9,1200.2,983,,,guest_house
hotel,S,30.8454736,-9.8183172,30.8454736,-9.8183172,9,1200.2,999,,,hostel
hotel,,30.8449898,-9.8180787,30.8449898,-9.8180787,9,1200.2,990,,,hostel
hotel,Imsouane Surf House,30.8418123,-9.8179542,30.8418123,-9.8179542,9,1200.2,966,,,guest_house
hotel,Ocean surfhouse,30.8424615,-9.8167268,30.8424615,-9.8167268,9,1200.2,994,,,hostel
hotel,Imi Bay Surf House,30.8406199,-9.8188179,30.8406199,-9.8188179,9,1200.2,991,,,guest_house
hotel,Pro Surf Morocco Imsouane,30.8413065,-9.8186563,30.8413065,-9.8186563,9,1200.2,984,,,guest_house
hotel,,30.844482,-9.8186182,30.844482,-9.8186182,9,1200.2,974,,,hostel
hotel,Imsouane Surf Slab Hostel,30.8434907,-9.8168258,30.8434907,-9.8168258,9,1200.2,996,,,hostel
hotel,West coast surf house,30.8439325,-9.8191349,30.8439325,-9.8191349,9,1200.2,991,,,hostel
hotel,,30.8444462,-9.8205946,30.8444462,-9.8205946,9,1200.2,993,,,guest_house
hotel,,30.5970386,-9.5184144,30.5970386,-9.5184144,9,1200.2,997,,,hotel
hotel,Sandycamps surf and yoga camp,30.8477683,-9.8175798,30.8477683,-9.8175798,9,1200.2,990,,,hotel
hotel,Beach Villa by Sandycamps,30.8436652,-9.8208167,30.8436652,-9.8208167,9,1200.2,998,,,hotel
supermarket,,30.8407896,-9.820393,30.8407896,-9.820393,9,1200.2,950,,convenience,
supermarket,,30.8406908,-9.8202359,30.8406908,-9.8202359,9,1200.2,948,,convenience,
supermarket,,30.8408153,-9.8202589,30.8408153,-9.8202589,9,1200.2,940,,convenience,
supermarket,,30.8407504,-9.8203737,30.8407504,-9.8203737,9,1200.2,952,,convenience,
supermarket,,30.5513078,-9.5585469,30.5513078,-9.5585469,9,1200.2,970,,convenience,
supermarket,,30.5519455,-9.5608579,30.5519455,-9.5608579,9,1200.2,996,,convenience,
supermarket,,30.8424523,-9.818931,30.8424523,-9.818931,9,1200.2,958,,supermarket,
atm,,30.8465211,-9.8181688,30.8465211,-9.8181688,9,1200.2,965,atm,,
atm,,30.8437923,-9.8208644,30.8437923,-9.8208644,9,1200.2,996,atm,,
atm,,30.843938,-9.8191198,30.843938,-9.8191198,9,1200.2,989,atm,,
water,Hammam(hommes),31.4994156,-9.7572037,31.4994156,-9.7572037,10,1350.2,943,drinking_water,,
water,Hammam(femmes),31.4995437,-9.7572654,31.4995437,-9.7572654,10,1350.2,949,drinking_water,,
water,,31.5149187,-9.7700985,31.5149187,-9.7700985,10,1350.2,959,drinking_water,,
water,,31.5149038,-9.7661879,31.5149038,-9.7661879,10,1350.2,984,drinking_water,,
water,,31.5109906,-9.7725206,31.5109906,-9.7725206,10,1350.2,999,fountain,,
water,,31.5155202,-9.7682407,31.5155202,-9.7682407,10,1350.2,995,drinking_water,,
water,Riad Lune Etoile,31.5155423,-9.7683816,31.5155423,-9.7683816,10,1350.2,956,drinking_water,,guest_house
water,,31.098109,-9.8095706,31.098109,-9.8095706,10,1350.2,998,drinking_water,,
water,,31.4345266,-9.7565909,31.4345266,-9.7565909,10,1350.2,992,water_point,,
food,La Petite Perle,31.5124742,-9.7711049,31.5124742,-9.7711049,10,1350.2,974,restaurant,,
food,Chez Ben Mostafa,31.5123454,-9.7719927,31.5123454,-9.7719927,10,1350.2,983,restaurant,,
food,,31.5108633,-9.7723079,31.5108633,-9.7723079,10,1350.2,991,restaurant,,
food,La Maison Gourmande,31.5038705,-9.7582363,31.5038705,-9.7582363,10,1350.2,999,cafe,,
food,,31.5018357,-9.757094,31.5018357,-9.757094,10,1350.2,986,cafe,,
food,Syfax billiards-espresso,31.5022674,-9.756568,31.5022674,-9.756568,10,1350.2,984,cafe,,
food,Kelaa Mgouna,31.5033698,-9.7576946,31.5033698,-9.7576946,10,1350.2,996,restaurant,,
food,Les 3 Palmier,31.5038451,-9.7585363,31.5038451,-9.7585363,10,1350.2,983,restaurant,,
food,Chez bader,31.5016679,-9.7571799,31.5016679,-9.7571799,10,1350.2,991,restaurant,,
food,petite,31.5023926,-9.7561477,31.5023926,-9.7561477,10,1350.2,983,fast_food,,
food,jus/fruit/crepe,31.5020439,-9.7569526,31.5020439,-9.7569526,10,1350.2,961,fast_food,,
food,billiard,31.5015676,-9.7571233,31.5015676,-9.7571233,10,1350.2,986,cafe,,
food,sandwich,31.5052587,-9.7635678,31.5052587,-9.7635678,10,1350.2,999,fast_food,,
food,Laiterie,31.5028551,-9.7576006,31.5028551,-9.7576006,10,1350.2,994,fast_food,,
food,Chickenroaster,31.5053185,-9.7630662,31.5053185,-9.7630662,10,1350.2,976,fast_food,,
food,,31.5054671,-9.7627868,31.5054671,-9.7627868,10,1350.2,992,restaurant,,
food,La Crevette,31.5051398,-9.763324,31.5051398,-9.763324,10,1350.2,999,restaurant,,
food,Pizza Al Forno,31.5053201,-9.762913,31.5053201,-9.762913,10,1350.2,976,restaurant,,
food,Ch`Rif cofe resturant popolar,31.5035114,-9.7621699,31.5035114,-9.7621699,10,1350.2,974,cafe,,
food,Châlet de la Plage,31.5102867,-9.7699301,31.5102867,-9.7699301,10,1350.2,998,restaurant,,guest_house
food,,31.5143322,-9.7634103,31.5143322,-9.7634103,10,1350.2,988,fast_food,,
food,Baashir,31.5117191,-9.7715687,31.5117191,-9.7715687,10,1350.2,996,cafe,,
food,Chez les Frères عند الإخوة,31.5146033,-9.771573,31.5146033,-9.771573,10,1350.2,963,restaurant,,
food,La Triskalla,31.5148342,-9.7715166,31.5148342,-9.7715166,10,1350.2,981,restaurant,,
food,darb koutour درب كوتور,31.513544,-9.7715116,31.513544,-9.7715116,10,1350.2,962,fast_food,,
food,,31.513544,-9.768107,31.513544,-9.768107,10,1350.2,991,fast_food,,
food,,31.514417,-9.7673973,31.514417,-9.7673973,10,1350.2,965,fast_food,,
food,Café Océan,31.5055386,-9.7636202,31.5055386,-9.7636202,10,1350.2,991,cafe,,
food,Le Murex,31.5057712,-9.7636128,31.5057712,-9.7636128,10,1350.2,999,cafe,,
food,Les Dunes de la Plage,31.5053913,-9.7635796,31.5053913,-9.7635796,10,1350.2,987,restaurant,,
food,Beach & Friends,31.4972843,-9.7630701,31.4972843,-9.7630701,10,1350.2,997,restaurant,,
food,La Petite Algue,31.5040519,-9.7633714,31.5040519,-9.7633714,10,1350.2,997,restaurant,,
food,Sol El Luna,31.4546793,-9.7458447,31.4546793,-9.7458447,10,1350.2,990,restaurant,,hotel
food,Al Khaima الخيمة,31.5139352,-9.7707996,31.5139352,-9.7707996,10,1350.2,953,restaurant,,
food,Mermoz,31.5138323,-9.7707916,31.5138323,-9.7707916,10,1350.2,943,restaurant,,
food,Dar Jeeling,31.513846,-9.7710085,31.513846,-9.7710085,10,1350.2,957,restaurant,,
food,Chez Kherfa,31.513764,-9.7710943,31.513764,-9.7710943,10,1350.2,955,restaurant,,
food,Jimi Hendrix,31.480621,-9.7658852,31.480621,-9.7658852,10,1350.2,977,restaurant,,
food,عند يوسف,31.5139997,-9.7705657,31.5139997,-9.7705657,10,1350.2,945,restaurant,,
food,Il Mare إلماري,31.5149334,-9.7719452,31.5149334,-9.7719452,10,1350.2,889,restaurant,,
food,La Rencontre,31.5145289,-9.7719935,31.5145289,-9.7719935,10,1350.2,981,restaurant,,
food,Laachour,31.5118498,-9.7723587,31.5118498,-9.7723587,10,1350.2,999,restaurant,,
food,,31.5149341,-9.7675981,31.5149341,-9.7675981,10,1350.2,989,restaurant,,
food,Opera,31.5126265,-9.7718468,31.5126265,-9.7718468,10,1350.2,994,restaurant,,
food,Pasta Baladin Bab Skala,31.5146012,-9.772116,31.5146012,-9.772116,10,1350.2,995,restaurant,,
food,M'Riste Jouhar,31.5138639,-9.7717895,31.5138639,-9.7717895,10,1350.2,955,restaurant,,
food,La Licorne,31.5133409,-9.7724803,31.5133409,-9.7724803,10,1350.2,958,restaurant,,
food,Le Sirocco,31.5134623,-9.7720267,31.5134623,-9.7720267,10,1350.2,988,restaurant,,
food,Dar Tata,31.514439,-9.7676614,31.514439,-9.7676614,10,1350.2,976,restaurant,,
food,Sicilia,31.5128748,-9.771672,31.5128748,-9.771672,10,1350.2,989,restaurant,,
food,Les Alizes,31.513317,-9.7724777,31.513317,-9.7724777,10,1350.2,956,restaurant,,
food,Chez Aladin le Berbere,31.5137421,-9.7708766,31.5137421,-9.7708766,10,1350.2,940,restaurant,,
food,Le Patio,31.5130285,-9.7712263,31.5130285,-9.7712263,10,1350.2,984,restaurant,,
food,La Trattoria,31.3557476,-9.7989478,31.3557476,-9.7989478,10,1350.2,988,restaurant,,
food,,31.3558438,-9.7989331,31.3558438,-9.7989331,10,1350.2,998,restaurant,,
food,Chez Iziki,31.3560488,-9.7987279,31.3560488,-9.7987279,10,1350.2,941,restaurant,,
food,,31.3541997,-9.7968378,31.3541997,-9.7968378,10,1350.2,967,restaurant,,
food,Café de France,31.5126976,-9.7718136,31.5126976,-9.7718136,10,1350.2,997,cafe,,
food,Zahra's Grill Restaurant,31.4991129,-9.7617069,31.4991129,-9.7617069,10,1350.2,994,restaurant,,
food,Restaurant Le Glacier,31.5135109,-9.7707979,31.5135109,-9.7707979,10,1350.2,998,restaurant,,
food,La Mouette et les Dromadaires,31.361573,-9.8003984,31.361573,-9.8003984,10,1350.2,991,restaurant,,
food,L'Océan Vagabond,31.4965536,-9.7633744,31.4965536,-9.7633744,10,1350.2,974,restaurant,,
food,The Loft,31.512435,-9.7712232,31.512435,-9.7712232,10,1350.2,978,restaurant,,
food,Café La cloche,31.5090692,-9.7562407,31.5090692,-9.7562407,10,1350.2,997,cafe,,
food,L'Amiral,31.504411,-9.7588066,31.504411,-9.7588066,10,1350.2,990,restaurant,,
food,Mega Loft,31.5145561,-9.772059,31.5145561,-9.772059,10,1350.2,988,cafe,,
food,Café Berbere,31.5135522,-9.7717723,31.5135522,-9.7717723,10,1350.2,979,cafe,,
food,,31.5119234,-9.7556905,31.5119234,-9.7556905,10,1350.2,995,restaurant,,
food,,31.5115585,-9.7715807,31.5115585,-9.7715807,10,1350.2,985,cafe,,
food,,31.5115076,-9.7709078,31.5115076,-9.7709078,10,1350.2,993,restaurant,,
food,Sweet Clock Literary Cafe,31.5124354,-9.76379,31.5124354,-9.76379,10,1350.2,999,cafe,,
food,Restaurant du Coeur,31.5124118,-9.7711906,31.5124118,-9.7711906,10,1350.2,974,restaurant,,
food,Dar Al Houma,31.5125827,-9.7712085,31.5125827,-9.7712085,10,1350.2,989,restaurant,,
food,Vague bleue,31.5131433,-9.7671637,31.5131433,-9.7671637,10,1350.2,972,restaurant,,
food,Association féminine de bienfaisance El Khir,31.5147963,-9.7644679,31.5147963,-9.7644679,10,1350.2,984,restaurant,,
food,Cafe plus,31.5009305,-9.7564282,31.5009305,-9.7564282,10,1350.2,981,cafe,,
food,Chez Krimo,31.5052779,-9.7631719,31.5052779,-9.7631719,10,1350.2,972,restaurant,,
food,Gusto,31.5044358,-9.7629326,31.5044358,-9.7629326,10,1350.2,991,restaurant,,
food,,31.5127612,-9.771452,31.5127612,-9.771452,10,1350.2,999,fast_food,,
food,Chez Said,31.5128255,-9.7712877,31.5128255,-9.7712877,10,1350.2,999,fast_food,,
food,Chez Said,31.5127529,-9.7712576,31.5127529,-9.7712576,10,1350.2,999,fast_food,,
food,Le Mogadorien,31.5122981,-9.7710799,31.5122981,-9.7710799,10,1350.2,987,restaurant,,
food,Restaurant Cafe Mogador,31.5050138,-9.7635436,31.5050138,-9.7635436,10,1350.2,986,restaurant,,
food,L'Horloge,31.5123175,-9.7708562,31.5123175,-9.7708562,10,1350.2,995,restaurant,,
food,L'Horloge,31.5117149,-9.7703554,31.5117149,-9.7703554,10,1350.2,984,restaurant,,
food,Étoile,31.5041566,-9.7592994,31.5041566,-9.7592994,10,1350.2,983,cafe,,
food,,31.5050051,-9.7584559,31.5050051,-9.7584559,10,1350.2,992,restaurant,,
food,Beach Hostel,31.5033334,-9.7627434,31.5033334,-9.7627434,10,1350.2,998,restaurant,,
food,Platinium,31.5058787,-9.7609557,31.5058787,-9.7609557,10,1350.2,997,restaurant,,
food,Pause Cafe,31.5058495,-9.7610845,31.5058495,-9.7610845,10,1350.2,996,cafe,,
food,Casa Italia,31.5056803,-9.7628641,31.5056803,-9.7628641,10,1350.2,997,restaurant,,
food,,31.50579,-9.7613339,31.50579,-9.7613339,10,1350.2,997,cafe,,
food,,31.5058221,-9.7611824,31.5058221,-9.7611824,10,1350.2,998,cafe,,
food,Sahakfé ساحة كفي,31.5123762,-9.7710035,31.5123762,-9.7710035,10,1350.2,988,fast_food,,
food,Vague Bleue,31.5132102,-9.7667714,31.5132102,-9.7667714,10,1350.2,967,restaurant,,
food,Umia,31.5134195,-9.7724858,31.5134195,-9.7724858,10,1350.2,965,restaurant,,
food,Keltoum,31.5129646,-9.7709217,31.5129646,-9.7709217,10,1350.2,999,restaurant,,
food,Chaabi Chic,31.5154383,-9.7680251,31.5154383,-9.7680251,10,1350.2,980,restaurant,,
food,Delices et saveurs de mogador,31.5153832,-9.7682026,31.5153832,-9.7682026,10,1350.2,979,restaurant,,
food,,31.5054433,-9.7568424,31.5054433,-9.7568424,10,1350.2,932,restaurant,,
food,Chez Brixi,31.5144998,-9.767608,31.5144998,-9.767608,10,1350.2,981,restaurant,,
food,d'Orient et d'Ailleurs,31.5146849,-9.7717909,31.5146849,-9.7717909,10,1350.2,983,restaurant,,
food,Adwak,31.5129204,-9.7711223,31.5129204,-9.7711223,10,1350.2,999,restaurant,,
food,Laayoune,31.5126513,-9.7711973,31.5126513,-9.7711973,10,1350.2,994,restaurant,,
food,Miyame,31.5160527,-9.7656499,31.5160527,-9.7656499,10,1350.2,964,restaurant,,
food,,31.5129809,-9.7711703,31.5129809,-9.7711703,10,1350.2,999,fast_food,,
food,Lo Sgarbo,31.5138262,-9.7707301,31.5138262,-9.7707301,10,1350.2,939,restaurant,,
food,La Maison du Cinéma,31.5138022,-9.7711961,31.5138022,-9.7711961,10,1350.2,964,restaurant,,
food,L'or vert,31.5137676,-9.771234,31.5137676,-9.771234,10,1350.2,963,restaurant,,
food,Shadma's,31.5136857,-9.7709277,31.5136857,-9.7709277,10,1350.2,938,restaurant,,
food,Superbe pastilla,31.5135037,-9.7675211,31.5135037,-9.7675211,10,1350.2,999,fast_food,,
food,restaurant libanais,31.5116742,-9.7708654,31.5116742,-9.7708654,10,1350.2,996,restaurant,,
food,The Coast,31.5131939,-9.7704741,31.5131939,-9.7704741,10,1350.2,993,restaurant,,
food,الحجر الزاوية,31.5144603,-9.7716274,31.5144603,-9.7716274,10,1350.2,996,restaurant,,
food,Chez Yosseuf عند يوسف,31.5140431,-9.7706278,31.5140431,-9.7706278,10,1350.2,953,restaurant,,
food,LA TABLE BY MADADA,31.5116133,-9.7709453,31.5116133,-9.7709453,10,1350.2,996,restaurant,,
food,Merjam,31.5150845,-9.7687827,31.5150845,-9.7687827,10,1350.2,968,restaurant,,
food,Maison d'Art,31.5016776,-9.7581615,31.5016776,-9.7581615,10,1350.2,983,restaurant,,
food,Taverna Bolognese da Maurizio,31.514591,-9.7694461,31.514591,-9.7694461,10,1350.2,946,restaurant,,
food,,31.5147485,-9.7675754,31.5147485,-9.7675754,10,1350.2,999,restaurant,,
food,Chez Salah Grillades,31.5040749,-9.7583241,31.5040749,-9.7583241,10,1350.2,995,restaurant,,
food,Cafe Mekhla,31.5070924,-9.7573608,31.5070924,-9.7573608,10,1350.2,985,cafe,,
food,Des Reve,31.5141409,-9.7698011,31.5141409,-9.7698011,10,1350.2,988,restaurant,,
food,Taraa Essaouira,31.5154752,-9.7681243,31.5154752,-9.7681243,10,1350.2,986,cafe,,
food,,31.5145401,-9.7676613,31.5145401,-9.7676613,10,1350.2,987,fast_food,,
food,,31.5140735,-9.7683565,31.5140735,-9.7683565,10,1350.2,966,fast_food,,
food,,31.5127822,-9.7699735,31.5127822,-9.7699735,10,1350.2,981,restaurant,,
food,La Roche,31.5154194,-9.768312,31.5154194,-9.768312,10,1350.2,986,restaurant,,
food,Le Marrakech,31.5121979,-9.7720695,31.5121979,-9.7720695,10,1350.2,999,restaurant,,
food,,31.5130171,-9.7671175,31.5130171,-9.7671175,10,1350.2,957,cafe,,
food,Tara Cafe,31.5154054,-9.7681698,31.5154054,-9.7681698,10,1350.2,980,restaurant,,
food,les saveurs de ma mére,31.5143151,-9.7694518,31.5143151,-9.7694518,10,1350.2,988,restaurant,,
food,L'atelier,31.5111456,-9.7704895,31.5111456,-9.7704895,10,1350.2,945,cafe,,
food,Caravane Cafe,31.5133033,-9.768719,31.5133033,-9.768719,10,1350.2,994,cafe,,
food,زلفسترو,31.5142608,-9.7717398,31.5142608,-9.7717398,10,1350.2,986,restaurant,,
food,Chez Omar,31.5135473,-9.76815,31.5135473,-9.76815,10,1350.2,993,restaurant,,
food,,31.496836,-9.7632855,31.496836,-9.7632855,10,1350.2,944,restaurant,,
food,Snap Food,31.5017947,-9.7577511,31.5017947,-9.7577511,10,1350.2,997,fast_food,,
food,مقهى الحرباء,31.5149612,-9.7714605,31.5149612,-9.7714605,10,1350.2,990,cafe,,
food,Delices et saveurs,31.5154799,-9.7681672,31.5154799,-9.7681672,10,1350.2,988,restaurant,,
food,Café Tara,31.5155014,-9.7681239,31.5155014,-9.7681239,10,1350.2,989,restaurant,,
food,Chez Miloud,31.5138284,-9.7686731,31.5138284,-9.7686731,10,1350.2,990,fast_food,,
food,Côté Crêpes,31.5041759,-9.7558299,31.5041759,-9.7558299,10,1350.2,998,restaurant,,
food,Cheap Grilled Sardines,31.5139479,-9.7678368,31.5139479,-9.7678368,10,1350.2,992,restaurant,,
food,Restaurante Vegetariano Local,31.5126262,-9.7707927,31.5126262,-9.7707927,10,1350.2,995,restaurant,,
food,,31.5115202,-9.7689811,31.5115202,-9.7689811,10,1350.2,888,restaurant,,
food,patesserie Chef driss,31.5127191,-9.7716206,31.5127191,-9.7716206,10,1350.2,986,cafe,,
food,la rose du sud,31.5140026,-9.7709516,31.5140026,-9.7709516,10,1350.2,967,restaurant,,
food,O'Bleu Mogador,31.5134688,-9.7666276,31.5134688,-9.7666276,10,1350.2,991,restaurant,,
food,,31.5099168,-9.7743325,31.5099168,-9.7743325,10,1350.2,959,fast_food,,
food,Mandala Society,31.5134601,-9.7690345,31.5134601,-9.7690345,10,1350.2,994,cafe,,
food,,31.5141253,-9.7676328,31.5141253,-9.7676328,10,1350.2,993,fast_food,,
food,Good coffee,31.5076414,-9.7608879,31.5076414,-9.7608879,10,1350.2,958,cafe,,
food,Caverne d'Ali Baba,31.5134225,-9.7690766,31.5134225,-9.7690766,10,1350.2,993,fast_food,,
food,Restaurant Seafood,31.5113854,-9.7707682,31.5113854,-9.7707682,10,1350.2,982,restaurant,,
food,Salma & kaltoum,31.5144693,-9.7685225,31.5144693,-9.7685225,10,1350.2,999,restaurant,,
food,Dauphin resto,31.3562158,-9.7977687,31.3562158,-9.7977687,10,1350.2,934,restaurant,,
food,THE LOFT,31.5124463,-9.7711852,31.5124463,-9.7711852,10,1350.2,977,restaurant,,
food,café restaurant Teranga,31.5138684,-9.7709761,31.5138684,-9.7709761,10,1350.2,957,restaurant,,
food,Le corail At Latifa,31.5137654,-9.77102,31.5137654,-9.77102,10,1350.2,950,restaurant,,
food,salon de thé - glaces,31.4957194,-9.7524389,31.4957194,-9.7524389,10,1350.2,984,cafe,,
food,Yoo Healthy Restaurant,31.5130465,-9.7716519,31.5130465,-9.7716519,10,1350.2,930,restaurant,,
food,Chez Ahmed عند أحمد,31.5143954,-9.7678491,31.5143954,-9.7678491,10,1350.2,979,restaurant,,
food,,31.5123205,-9.7711104,31.5123205,-9.7711104,10,1350.2,991,restaurant,,
food,Trees little Birds,31.5150603,-9.768794,31.5150603,-9.768794,10,1350.2,966,restaurant,,
food,Abdou Taguenza,31.3542634,-9.7968409,31.3542634,-9.7968409,10,1350.2,974,restaurant,,
food,,31.5149412,-9.7690008,31.5149412,-9.7690008,10,1350.2,962,restaurant,,
food,AWRIRRTE,31.5148701,-9.7691243,31.5148701,-9.7691243,10,1350.2,960,restaurant,,
food,,31.5044603,-9.7554343,31.5044603,-9.7554343,10,1350.2,993,cafe,,
food,,31.5154029,-9.7706771,31.5154029,-9.7706771,10,1350.2,991,cafe,,
food,,31.5143669,-9.767775,31.5143669,-9.767775,10,1350.2,973,restaurant,,
food,Khmissa,31.5137487,-9.7714346,31.5137487,-9.7714346,10,1350.2,974,restaurant,,
food,Sayef,31.5129673,-9.7692409,31.5129673,-9.7692409,10,1350.2,986,restaurant,,
food,,31.497103,-9.7631482,31.497103,-9.7631482,10,1350.2,976,cafe,,
food,Café Tafana,31.0962234,-9.821425,31.0962234,-9.821425,10,1350.2,935,restaurant,,
food,Aftasse,31.0959718,-9.8212534,31.0959718,-9.8212534,10,1350.2,927,restaurant,,
food,Rosa Blanca,31.5053111,-9.7630949,31.5053111,-9.7630949,10,1350.2,975,restaurant,,
food,Chez Momo,31.3559426,-9.7987673,31.3559426,-9.7987673,10,1350.2,931,restaurant,,
food,Restaurant la Grotte Essaouira,31.3555143,-9.7985548,31.3555143,-9.7985548,10,1350.2,951,restaurant,,
food,Restaurant Aftass,31.3533561,-9.7965943,31.3533561,-9.7965943,10,1350.2,954,restaurant,,
food,AL VENT,31.3534501,-9.796603,31.3534501,-9.796603,10,1350.2,965,restaurant,,
food,La Tolérance,31.5132733,-9.7705842,31.5132733,-9.7705842,10,1350.2,998,restaurant,,
food,Restaurante des Arcades,31.5129462,-9.7697165,31.5129462,-9.7697165,10,1350.2,981,restaurant,,
food,Restaurant Baghdad,31.515193,-9.7666581,31.515193,-9.7666581,10,1350.2,991,restaurant,,
food,Snack Attack,31.5140815,-9.7634501,31.5140815,-9.7634501,10,1350.2,995,restaurant,,
food,Restaurant Bismillah,31.5143694,-9.7697622,31.5143694,-9.7697622,10,1350.2,939,restaurant,,
food,Casa Vera,31.5119753,-9.7718069,31.5119753,-9.7718069,10,1350.2,985,restaurant,,
food,Taros,31.5122421,-9.7721515,31.5122421,-9.7721515,10,1350.2,987,restaurant,,
food,,31.5143428,-9.7722615,31.5143428,-9.7722615,10,1350.2,982,restaurant,,
food,,31.5137024,-9.771154,31.5137024,-9.771154,10,1350.2,953,restaurant,,
food,Café Naples,31.5149979,-9.7618631,31.5149979,-9.7618631,10,1350.2,987,cafe,,
food,,31.5137768,-9.767873,31.5137768,-9.767873,10,1350.2,976,fast_food,,
food,La Coupole,31.5051299,-9.7635581,31.5051299,-9.7635581,10,1350.2,999,restaurant,,
food,local Fried Fish,31.5156822,-9.7648429,31.5156822,-9.7648429,10,1350.2,957,fast_food,,
food,Mega Loft,31.5132815,-9.7694758,31.5132815,-9.7694758,10,1350.2,999,restaurant,,
food,,31.5016253,-9.7583943,31.5016253,-9.7583943,10,1350.2,990,restaurant,,
food,,31.3541796,-9.7967698,31.3541796,-9.7967698,10,1350.2,964,restaurant,,
food,,31.5148483,-9.7689843,31.5148483,-9.7689843,10,1350.2,952,cafe,,
food,,31.5145262,-9.7677998,31.5145262,-9.7677998,10,1350.2,990,restaurant,,
food,Arabico,31.5131769,-9.7694634,31.5131769,-9.7694634,10,1350.2,989,restaurant,,
food,Three little birds,31.5150981,-9.7687446,31.5150981,-9.7687446,10,1350.2,968,restaurant,,
food,MBeach,31.507844,-9.7662173,31.507844,-9.7662173,10,1350.2,990,restaurant,,
food,PickNick Cafè Essaouira,31.5116472,-9.7708716,31.5116472,-9.7708716,10,1350.2,994,restaurant,,
food,,31.513932,-9.7699376,31.513932,-9.7699376,10,1350.2,988,cafe,,
food,,31.5109062,-9.7722677,31.5109062,-9.7722677,10,1350.2,991,restaurant,,
food,,31.5107881,-9.7723996,31.5107881,-9.7723996,10,1350.2,994,restaurant,,
food,,31.5107326,-9.7724446,31.5107326,-9.7724446,10,1350.2,994,restaurant,,
food,,31.5107141,-9.7725248,31.5107141,-9.7725248,10,1350.2,999,restaurant,,
food,,31.5107625,-9.77263,31.5107625,-9.77263,10,1350.2,994,restaurant,,
food,,31.5108108,-9.7727235,31.5108108,-9.7727235,10,1350.2,981,restaurant,,
food,,31.5108436,-9.7728103,31.5108436,-9.7728103,10,1350.2,990,restaurant,,
food,,31.5109902,-9.7721742,31.5109902,-9.7721742,10,1350.2,989,restaurant,,
food,La Casa,31.5139157,-9.7699204,31.5139157,-9.7699204,10,1350.2,985,restaurant,,
food,Zaytouna,31.5140671,-9.7708976,31.5140671,-9.7708976,10,1350.2,970,restaurant,,
food,Tajines and more,31.5139202,-9.7678731,31.5139202,-9.7678731,10,1350.2,991,restaurant,,
food,snack mogador,31.5139714,-9.7684553,31.5139714,-9.7684553,10,1350.2,994,fast_food,,
food,snack mimouna,31.5134754,-9.7690071,31.5134754,-9.7690071,10,1350.2,995,fast_food,,
food,,31.5134925,-9.7689974,31.5134925,-9.7689974,10,1350.2,996,fast_food,,
food,Mogador Nights,31.5134598,-9.769091,31.5134598,-9.769091,10,1350.2,997,restaurant,,
food,Les 4 Saisons de Magador,31.513126,-9.7695171,31.513126,-9.7695171,10,1350.2,987,restaurant,,
food,Pumpkin,31.5133014,-9.769309,31.5133014,-9.769309,10,1350.2,993,cafe,,
food,Zerda Mogador,31.5137629,-9.7700859,31.5137629,-9.7700859,10,1350.2,999,restaurant,,
food,,31.5142303,-9.7674926,31.5142303,-9.7674926,10,1350.2,999,restaurant,,
food,,31.5142812,-9.7674999,31.5142812,-9.7674999,10,1350.2,990,restaurant,,
food,,31.5141938,-9.7669194,31.5141938,-9.7669194,10,1350.2,987,cafe,,
food,,31.5123854,-9.7675885,31.5123854,-9.7675885,10,1350.2,908,restaurant,,
food,La Smala,31.5140966,-9.7722794,31.5140966,-9.7722794,10,1350.2,962,restaurant,,
food,,31.5141271,-9.7722503,31.5141271,-9.7722503,10,1350.2,963,cafe,,
food,Restaurant La Licorne,31.5144253,-9.7722272,31.5144253,-9.7722272,10,1350.2,987,restaurant,,
food,,31.5155318,-9.7683054,31.5155318,-9.7683054,10,1350.2,998,cafe,,
food,,31.5154044,-9.7683713,31.5154044,-9.7683713,10,1350.2,987,cafe,,
food,Moga Style,31.5105834,-9.7658329,31.5105834,-9.7658329,10,1350.2,999,cafe,,
food,,31.5051978,-9.7635663,31.5051978,-9.7635663,10,1350.2,992,restaurant,,
food,,31.4969077,-9.7632535,31.4969077,-9.7632535,10,1350.2,952,cafe,,
food,,31.5040005,-9.7578615,31.5040005,-9.7578615,10,1350.2,990,cafe,,
food,Dar Ayour,31.5126287,-9.7725941,31.5126287,-9.7725941,10,1350.2,964,restaurant,,
food,Snap Food,31.5091655,-9.7580566,31.5091655,-9.7580566,10,1350.2,975,fast_food,,
food,Matto,31.5091068,-9.7581116,31.5091068,-9.7581116,10,1350.2,967,restaurant,,
food,Abdessamad,31.506244,-9.7564704,31.506244,-9.7564704,10,1350.2,979,restaurant,,
food,Lecheria,31.4997503,-9.7534223,31.4997503,-9.7534223,10,1350.2,992,restaurant,,
food,,31.5040535,-9.7580006,31.5040535,-9.7580006,10,1350.2,989,cafe,,
food,,31.5018615,-9.7581533,31.5018615,-9.7581533,10,1350.2,981,restaurant,,
food,,31.5017901,-9.7580229,31.5017901,-9.7580229,10,1350.2,981,restaurant,,
food,Pause Coffee,31.5017175,-9.7584596,31.5017175,-9.7584596,10,1350.2,995,cafe,,
food,Grillade,31.5076201,-9.7567412,31.5076201,-9.7567412,10,1350.2,982,restaurant,,
food,,31.5051172,-9.7558699,31.5051172,-9.7558699,10,1350.2,960,fast_food,,
food,,31.507022,-9.7574387,31.507022,-9.7574387,10,1350.2,975,cafe,,
food,Petit déjeuner,31.5013743,-9.7583327,31.5013743,-9.7583327,10,1350.2,993,restaurant,,
food,San Burza,31.5063727,-9.7580457,31.5063727,-9.7580457,10,1350.2,963,fast_food,,
food,Riat Yantiri,31.5038203,-9.7566237,31.5038203,-9.7566237,10,1350.2,998,fast_food,,
food,Lamama Essaouira,31.5139245,-9.770553,31.5139245,-9.770553,10,1350.2,938,restaurant,,
food,,31.5149228,-9.7692117,31.5149228,-9.7692117,10,1350.2,969,restaurant,,
food,Chez Latifa,31.5127545,-9.7668746,31.5127545,-9.7668746,10,1350.2,922,restaurant,,
food,La Campana,31.516987,-9.7651774,31.516987,-9.7651774,10,1350.2,955,restaurant,,
food,L'arôme des Alizés,31.5044455,-9.7575577,31.5044455,-9.7575577,10,1350.2,989,restaurant,,
food,BOSCO Seafood Restaurant,31.503292,-9.7565803,31.503292,-9.7565803,10,1350.2,993,restaurant,,
food,Le Fondouk By Dar l'Oussia,31.5112997,-9.7703138,31.5112997,-9.7703138,10,1350.2,946,restaurant,,
food,KSOU,31.5120349,-9.7705966,31.5120349,-9.7705966,10,1350.2,995,restaurant,,
food,Le P'ti Bistrot,31.5045802,-9.755124,31.5045802,-9.755124,10,1350.2,965,restaurant,,
food,Le Corail at Latifa,31.5139115,-9.7709946,31.5139115,-9.7709946,10,1350.2,962,restaurant,,
food,Snack la Plage,31.505412,-9.7633306,31.505412,-9.7633306,10,1350.2,987,fast_food,,
food,Coffee on the roof,31.5146402,-9.7718821,31.5146402,-9.7718821,10,1350.2,984,cafe,,
food,Chez Jawad,31.5140063,-9.7684075,31.5140063,-9.7684075,10,1350.2,996,restaurant,,
food,Café Oasis,31.4958699,-9.7548763,31.4958699,-9.7548763,10,1350.2,992,restaurant,,
food,Cote Plage,31.507934,-9.7661161,31.507934,-9.7661161,10,1350.2,996,restaurant,,
food,Restaurant de la Baie,31.5070076,-9.7651031,31.5070076,-9.7651031,10,1350.2,969,restaurant,,
food,Fanatic,31.5066658,-9.7646525,31.5066658,-9.7646525,10,1350.2,922,cafe,,
food,Restaurant Jayoud,31.0967573,-9.821933,31.0967573,-9.821933,10,1350.2,969,restaurant,,
food,Our guests,31.3310587,-9.7931485,31.3310587,-9.7931485,10,1350.2,972,cafe,,
food,,31.4955042,-9.7613575,31.4955042,-9.7613575,10,1350.2,980,restaurant,,
hotel,Hotel Al Fath,31.5123776,-9.7723173,31.5123776,-9.7723173,10,1350.2,997,,,hotel
hotel,Villa Daba,31.4365467,-9.7518826,31.4365467,-9.7518826,10,1350.2,951,,,guest_house
hotel,Cap Slim,31.513314,-9.771986,31.513314,-9.771986,10,1350.2,974,,,hotel
hotel,Casa Lila,31.5128762,-9.7670123,31.5128762,-9.7670123,10,1350.2,939,,,hotel
hotel,Riad Lalla Mogador,31.51284,-9.7676045,31.51284,-9.7676045,10,1350.2,955,,,guest_house
hotel,Palazzo Desdemona,31.5116045,-9.770724,31.5116045,-9.770724,10,1350.2,998,,,hotel
hotel,Appartements Murex,31.5058075,-9.7632629,31.5058075,-9.7632629,10,1350.2,998,,,hotel
hotel,Chateau de Mogador,31.5032371,-9.7627424,31.5032371,-9.7627424,10,1350.2,987,,,hotel
hotel,Dar Mounia,31.5165272,-9.7612889,31.5165272,-9.7612889,10,1350.2,997,,,hotel
hotel,Riad Bab Essaouira,31.5146344,-9.7705089,31.5146344,-9.7705089,10,1350.2,951,,,guest_house
hotel,Riad Jemalhi,31.5141036,-9.7694426,31.5141036,-9.7694426,10,1350.2,999,,,guest_house
hotel,Riad Des Palmiers,31.5124579,-9.7681743,31.5124579,-9.7681743,10,1350.2,939,,,guest_house
hotel,Hotel Gnaua,31.5154024,-9.7669454,31.5154024,-9.7669454,10,1350.2,948,,,hotel
hotel,Riad El Mess,31.5150756,-9.769167,31.5150756,-9.769167,10,1350.2,982,,,guest_house
hotel,Riad Zahra Essaouira,31.4991498,-9.761717,31.4991498,-9.761717,10,1350.2,997,,,hotel
hotel,Riad Étoile d'Essaouira,31.5144169,-9.769601,31.5144169,-9.769601,10,1350.2,936,,,guest_house
hotel,La Maison du Vent,31.5131746,-9.7657555,31.5131746,-9.7657555,10,1350.2,939,,,guest_house
hotel,Al Jasira,31.4991528,-9.7590097,31.4991528,-9.7590097,10,1350.2,999,,,hotel
hotel,Hotel Borj,31.4999546,-9.7580348,31.4999546,-9.7580348,10,1350.2,934,,,hotel
hotel,Villa Amine فيلا أمين,31.4998238,-9.759258,31.4998238,-9.759258,10,1350.2,979,,,guest_house
hotel,Riad Maktoub,31.5145709,-9.7708398,31.5145709,-9.7708398,10,1350.2,963,,,guest_house
hotel,Orson Welles,31.5017998,-9.7587776,31.5017998,-9.7587776,10,1350.2,987,,,hotel
hotel,Chez Brahim,31.5128566,-9.7655317,31.5128566,-9.7655317,10,1350.2,900,,,hotel
hotel,Apartment Diabat Hadisha,31.4788296,-9.7656093,31.4788296,-9.7656093,10,1350.2,985,,,guest_house
hotel,Mogador Location Vacances,31.5146446,-9.7700478,31.5146446,-9.7700478,10,1350.2,979,,,hotel
hotel,Lalla Mira,31.5129486,-9.7671922,31.5129486,-9.7671922,10,1350.2,952,,,hotel
hotel,Tweets Hotel,31.5142719,-9.7618194,31.5142719,-9.7618194,10,1350.2,997,,,hotel
hotel,Palais des Remparts,31.5136947,-9.7722129,31.5136947,-9.7722129,10,1350.2,968,,,hotel
hotel,Dar Mounia,31.5135352,-9.7709069,31.5135352,-9.7709069,10,1350.2,994,,,hotel
hotel,Souiri,31.5132131,-9.7703607,31.5132131,-9.7703607,10,1350.2,988,,,hotel
hotel,Riad Al Madina رياض المدينة,31.5133974,-9.7705976,31.5133974,-9.7705976,10,1350.2,999,,,guest_house
hotel,Beau Rivage,31.5127207,-9.7718724,31.5127207,-9.7718724,10,1350.2,991,,,hotel
hotel,,31.3540883,-9.7968178,31.3540883,-9.7968178,10,1350.2,954,,,hostel
hotel,Nzala d Azrou,31.330709,-9.7922063,31.330709,-9.7922063,10,1350.2,954,,,guest_house
hotel,Tasgua-Yan,31.081285,-9.809243,31.081285,-9.809243,10,1350.2,995,,,hotel
hotel,Dar Chrazade دار شهرزاد,31.5153965,-9.7708128,31.5153965,-9.7708128,10,1350.2,997,,,hostel
hotel,Surf and Chill Hostel,31.5130229,-9.7672153,31.5130229,-9.7672153,10,1350.2,961,,,hostel
hotel,Auberge de la plage,31.3565673,-9.7967929,31.3565673,-9.7967929,10,1350.2,956,,,hotel
hotel,Jimi Hendrix Hotel,31.4797385,-9.7660225,31.4797385,-9.7660225,10,1350.2,996,,,hotel
hotel,Riad Belle Essaouira,31.5151297,-9.7706544,31.5151297,-9.7706544,10,1350.2,964,,,guest_house
hotel,Blue Kaouki Hotel,31.3558202,-9.7970234,31.3558202,-9.7970234,10,1350.2,950,,,hotel
hotel,Riad Thais,31.5152169,-9.7688789,31.5152169,-9.7688789,10,1350.2,985,,,guest_house
hotel,Jack's Apartments & Suites,31.5135831,-9.7725112,31.5135831,-9.7725112,10,1350.2,979,,,hotel
hotel,Riad Atya,31.5125651,-9.765562,31.5125651,-9.765562,10,1350.2,994,,,guest_house
hotel,Surf Mellow Hostel,31.5151756,-9.7698252,31.5151756,-9.7698252,10,1350.2,972,,,hostel
hotel,,31.5132893,-9.766221,31.5132893,-9.766221,10,1350.2,961,,,hotel
hotel,Essaouira Wind Palace,31.5131025,-9.7695387,31.5131025,-9.7695387,10,1350.2,986,,,hotel
hotel,Hôtel Riad Mimouna,31.5157339,-9.770301,31.5157339,-9.770301,10,1350.2,888,,,hotel
hotel,Riad Hotel Villa Maroc دار المغرب,31.5118694,-9.7712365,31.5118694,-9.7712365,10,1350.2,984,,,hotel
hotel,,31.5126293,-9.7681332,31.5126293,-9.7681332,10,1350.2,955,,,guest_house
hotel,Riad La Perle D’eau,31.5157564,-9.7686097,31.5157564,-9.7686097,10,1350.2,986,,,guest_house
hotel,Surf Lounge سرف لونج,31.514702,-9.7711804,31.514702,-9.7711804,10,1350.2,993,,,hostel
hotel,La Fontaine Bleue,31.5153698,-9.7697528,31.5153698,-9.7697528,10,1350.2,988,,,guest_house
hotel,Essaouira CYTS sociaux,31.514309,-9.766315,31.514309,-9.766315,10,1350.2,984,,,hostel
hotel,Hotel SMARA فندق السمارة,31.5144486,-9.7721481,31.5144486,-9.7721481,10,1350.2,984,,,hostel
hotel,Hotel Al Arboussas,31.5139289,-9.771228,31.5139289,-9.771228,10,1350.2,977,,,hotel
hotel,Riad Les Matins Bleus,31.5133574,-9.7701617,31.5133574,-9.7701617,10,1350.2,989,,,guest_house
hotel,Hotel Benatar,31.5128179,-9.7690496,31.5128179,-9.7690496,10,1350.2,994,,,hotel
hotel,Riad Watier,31.5150085,-9.7700922,31.5150085,-9.7700922,10,1350.2,967,,,guest_house
hotel,Riad Malaïka,31.5143553,-9.7710608,31.5143553,-9.7710608,10,1350.2,955,,,guest_house
hotel,Dar Sophia دار صوفيا,31.5155103,-9.7695129,31.5155103,-9.7695129,10,1350.2,992,,,guest_house
hotel,Omar,31.5052964,-9.7631169,31.5052964,-9.7631169,10,1350.2,974,,,hotel
hotel,Riad L'authentique,31.5118714,-9.7705626,31.5118714,-9.7705626,10,1350.2,993,,,guest_house
hotel,Riad Dar Maya,31.5153012,-9.7696478,31.5153012,-9.7696478,10,1350.2,977,,,guest_house
hotel,Riad Dar Etto,31.4454365,-9.7488271,31.4454365,-9.7488271,10,1350.2,987,,,guest_house
hotel,Riad Inna,31.5138184,-9.7702001,31.5138184,-9.7702001,10,1350.2,991,,,guest_house
hotel,Riad Darko,31.5153295,-9.7680752,31.5153295,-9.7680752,10,1350.2,970,,,guest_house
hotel,L'ane vert,31.083271,-9.8090432,31.083271,-9.8090432,10,1350.2,980,,,guest_house
hotel,,31.5128246,-9.7690237,31.5128246,-9.7690237,10,1350.2,993,,,hotel
hotel,Riad Beldy,31.5136057,-9.771423,31.5136057,-9.771423,10,1350.2,961,,,guest_house
hotel,Hotel Sid Elmagdul,31.5136941,-9.7694666,31.5136941,-9.7694666,10,1350.2,981,,,hostel
hotel,,31.5152123,-9.7704292,31.5152123,-9.7704292,10,1350.2,961,,,hostel
hotel,WhiteKasbah Essaouira,31.4440647,-9.7487452,31.4440647,-9.7487452,10,1350.2,989,,,guest_house
hotel,Dar Assenfou,31.5138356,-9.7656682,31.5138356,-9.7656682,10,1350.2,997,,,guest_house
hotel,Riad Maison Du Sud,31.513675,-9.7704789,31.513675,-9.7704789,10,1350.2,994,,,guest_house
hotel,Riad Nakhla,31.5128981,-9.7692205,31.5128981,-9.7692205,10,1350.2,995,,,guest_house
hotel,Riad Etoile de Mogador,31.5122093,-9.7675386,31.5122093,-9.7675386,10,1350.2,889,,,guest_house
hotel,Riad Baoussala,31.4311728,-9.7550446,31.4311728,-9.7550446,10,1350.2,970,,,guest_house
hotel,,31.5159514,-9.7607324,31.5159514,-9.7607324,10,1350.2,992,,,hotel
hotel,,31.5137106,-9.7711026,31.5137106,-9.7711026,10,1350.2,951,,,hotel
hotel,Auberge Du Marabout,31.356007,-9.796979,31.356007,-9.796979,10,1350.2,970,,,hotel
hotel,Dar El qdima,31.5131969,-9.7691893,31.5131969,-9.7691893,10,1350.2,977,,,hotel
hotel,,31.5136808,-9.7718407,31.5136808,-9.7718407,10,1350.2,994,,,hotel
hotel,,31.5121627,-9.7674916,31.5121627,-9.7674916,10,1350.2,882,,,hotel
hotel,Atlantic Hostel,31.5147121,-9.7668556,31.5147121,-9.7668556,10,1350.2,980,,,hostel
hotel,Moga hostel,31.5141062,-9.7694964,31.5141062,-9.7694964,10,1350.2,999,,,hostel
hotel,Dar Asmitou,31.5149284,-9.7662787,31.5149284,-9.7662787,10,1350.2,989,,,hotel
hotel,Dar Liouba,31.5137305,-9.7664697,31.5137305,-9.7664697,10,1350.2,991,,,hotel
hotel,,31.5155949,-9.7689199,31.5155949,-9.7689199,10,1350.2,979,,,hotel
hotel,Dar Aziz,31.0872981,-9.805767,31.0872981,-9.805767,10,1350.2,979,,,guest_house
hotel,Dar tarnamou,31.3626569,-9.7922307,31.3626569,-9.7922307,10,1350.2,986,,,hostel
hotel,Ranch sidi kaouki,31.3610261,-9.7914402,31.3610261,-9.7914402,10,1350.2,995,,,hostel
hotel,Dar osho,31.3581794,-9.7952453,31.3581794,-9.7952453,10,1350.2,954,,,hostel
hotel,Sidi Kaouki Hostel,31.3572447,-9.7943306,31.3572447,-9.7943306,10,1350.2,975,,,hotel
hotel,Cozy Tigmino,31.3558856,-9.7942924,31.3558856,-9.7942924,10,1350.2,951,,,hostel
hotel,Rebali Riads 5 etoiles,31.3560709,-9.7957801,31.3560709,-9.7957801,10,1350.2,966,,,hotel
hotel,Riad Surf Kaouki,31.3565415,-9.7961297,31.3565415,-9.7961297,10,1350.2,948,,,hotel
hotel,Hotel du Dauphin,31.3560077,-9.7978572,31.3560077,-9.7978572,10,1350.2,986,,,hotel
hotel,Kaouki Beach House,31.3568902,-9.7969156,31.3568902,-9.7969156,10,1350.2,993,,,hotel
hotel,Kaouki Surf House,31.3560539,-9.7899693,31.3560539,-9.7899693,10,1350.2,993,,,hostel
hotel,Hotel Dar Boujdaa,31.3551896,-9.7960017,31.3551896,-9.7960017,10,1350.2,943,,,hotel
hotel,Dar Bahia,31.3544104,-9.7972002,31.3544104,-9.7972002,10,1350.2,996,,,guest_house
hotel,Dar iziki,31.3551076,-9.7947741,31.3551076,-9.7947741,10,1350.2,934,,,guest_house
hotel,Essaouira Beach Hostel,31.5032171,-9.7627438,31.5032171,-9.7627438,10,1350.2,985,,,hostel
hotel,,31.5147629,-9.7706221,31.5147629,-9.7706221,10,1350.2,969,,,hotel
hotel,Riad Zawia,31.515424,-9.7705869,31.515424,-9.7705869,10,1350.2,989,,,hotel
hotel,Riad Raoud Rayhane,31.5140749,-9.7710663,31.5140749,-9.7710663,10,1350.2,980,,,hotel
hotel,Riad Inna,31.5126171,-9.7679173,31.5126171,-9.7679173,10,1350.2,945,,,hotel
hotel,Riad Horizon,31.5123646,-9.7679133,31.5123646,-9.7679133,10,1350.2,919,,,hotel
hotel,Riad Marosko,31.5122195,-9.767223,31.5122195,-9.767223,10,1350.2,878,,,hotel
hotel,Riad Dar Awil,31.512344,-9.7673726,31.512344,-9.7673726,10,1350.2,896,,,hotel
hotel,Riad Dar Zayna,31.5123689,-9.7672843,31.5123689,-9.7672843,10,1350.2,895,,,hotel
hotel,Casa Lila,31.5130067,-9.7671064,31.5130067,-9.7671064,10,1350.2,956,,,hotel
hotel,Riad Aylal,31.513293,-9.7696156,31.513293,-9.7696156,10,1350.2,999,,,guest_house
hotel,,31.4998867,-9.7572465,31.4998867,-9.7572465,10,1350.2,978,,,hostel
hotel,Villa De L'Ô,31.5112915,-9.7701904,31.5112915,-9.7701904,10,1350.2,938,,,hotel
hotel,Riad Baladin,31.514564,-9.7713544,31.514564,-9.7713544,10,1350.2,990,,,hotel
hotel,,31.2896442,-9.7868966,31.2896442,-9.7868966,10,1350.2,980,,,hotel
hotel,L'Abri Côtier,31.3339161,-9.7872356,31.3339161,-9.7872356,10,1350.2,989,,,hotel
hotel,Riad l'Ayel,31.5134248,-9.7684028,31.5134248,-9.7684028,10,1350.2,992,,,hotel
hotel,,31.5137681,-9.7718073,31.5137681,-9.7718073,10,1350.2,999,,,hotel
hotel,Riad de charme l'Oasis d'Essaouira,31.5153686,-9.7680733,31.5153686,-9.7680733,10,1350.2,974,,,guest_house
hotel,Dar ar-Raha,31.5127408,-9.7673397,31.5127408,-9.7673397,10,1350.2,936,,,hotel
hotel,Riad La Rose Des Vents,31.515574,-9.7685106,31.515574,-9.7685106,10,1350.2,963,,,hotel
hotel,Hôtel Coeur de Mogador,31.5144728,-9.7686828,31.5144728,-9.7686828,10,1350.2,999,,,hotel
hotel,Ali Baba,31.5133934,-9.7693499,31.5133934,-9.7693499,10,1350.2,994,,,hotel
hotel,Hotel Central,31.5141414,-9.770301,31.5141414,-9.770301,10,1350.2,944,,,hotel
hotel,Al Manara,31.5137212,-9.7699509,31.5137212,-9.7699509,10,1350.2,999,,,hotel
hotel,,31.5119253,-9.7670445,31.5119253,-9.7670445,10,1350.2,964,,,guest_house
hotel,,31.5118842,-9.7670432,31.5118842,-9.7670432,10,1350.2,997,,,hotel
hotel,,31.5124793,-9.7677996,31.5124793,-9.7677996,10,1350.2,926,,,hotel
hotel,,31.5121961,-9.7674717,31.5121961,-9.7674717,10,1350.2,885,,,hotel
hotel,,31.5142488,-9.7658196,31.5142488,-9.7658196,10,1350.2,998,,,hotel
hotel,,31.5143455,-9.7657112,31.5143455,-9.7657112,10,1350.2,975,,,hotel
hotel,,31.5147741,-9.7657447,31.5147741,-9.7657447,10,1350.2,997,,,hotel
hotel,,31.5148604,-9.765619,31.5148604,-9.765619,10,1350.2,968,,,hotel
hotel,,31.5143385,-9.7663326,31.5143385,-9.7663326,10,1350.2,988,,,hostel
hotel,Dar Nafoura Mogador,31.514262,-9.7667237,31.514262,-9.7667237,10,1350.2,989,,,hotel
hotel,Dar Dayana,31.5142137,-9.7667757,31.5142137,-9.7667757,10,1350.2,985,,,hotel
hotel,,31.5146013,-9.7657146,31.5146013,-9.7657146,10,1350.2,993,,,hotel
hotel,,31.5122508,-9.7676901,31.5122508,-9.7676901,10,1350.2,899,,,hotel
hotel,,31.5132459,-9.7675061,31.5132459,-9.7675061,10,1350.2,994,,,hotel
hotel,,31.5118631,-9.7668693,31.5118631,-9.7668693,10,1350.2,990,,,hotel
hotel,Salut Maroc,31.5138469,-9.7722919,31.5138469,-9.7722919,10,1350.2,986,,,hotel
hotel,,31.5151883,-9.7711862,31.5151883,-9.7711862,10,1350.2,996,,,hotel
hotel,,31.5124897,-9.7721861,31.5124897,-9.7721861,10,1350.2,996,,,hotel
hotel,,31.5128807,-9.7654392,31.5128807,-9.7654392,10,1350.2,901,,,hotel
hotel,,31.5147104,-9.7668873,31.5147104,-9.7668873,10,1350.2,980,,,hotel
hotel,,31.5128133,-9.7659529,31.5128133,-9.7659529,10,1350.2,904,,,hotel
hotel,,31.5126504,-9.7656056,31.5126504,-9.7656056,10,1350.2,879,,,guest_house
hotel,,31.5154453,-9.7684027,31.5154453,-9.7684027,10,1350.2,992,,,hotel
hotel,,31.5156975,-9.7704795,31.5156975,-9.7704795,10,1350.2,891,,,hotel
hotel,,31.5154044,-9.769,31.5154044,-9.769,10,1350.2,962,,,hotel
hotel,,31.5153436,-9.7698372,31.5153436,-9.7698372,10,1350.2,989,,,hotel
hotel,,31.5140852,-9.7722479,31.5140852,-9.7722479,10,1350.2,959,,,hostel
hotel,,31.5151468,-9.7711143,31.5151468,-9.7711143,10,1350.2,989,,,hotel
hotel,,31.5099466,-9.7670533,31.5099466,-9.7670533,10,1350.2,991,,,hotel
hotel,,31.5136864,-9.7649959,31.5136864,-9.7649959,10,1350.2,983,,,hotel
hotel,sidi kaouki ayt karoum,31.3553168,-9.7926605,31.3553168,-9.7926605,10,1350.2,989,,,motel
hotel,Giraffe Hostel,31.5127472,-9.768656,31.5127472,-9.768656,10,1350.2,989,,,hostel
hotel,Riad Jade Mogador,31.51524,-9.7680128,31.51524,-9.7680128,10,1350.2,958,,,hotel
hotel,Berber Hostel,31.5135982,-9.7694904,31.5135982,-9.7694904,10,1350.2,974,,,hostel
hotel,Zazou,31.5152748,-9.7706147,31.5152748,-9.7706147,10,1350.2,976,,,hotel
hotel,Mama Souiri Hotel,31.5121523,-9.7720853,31.5121523,-9.7720853,10,1350.2,999,,,hotel
hotel,Dar Halima,31.5133026,-9.7684325,31.5133026,-9.7684325,10,1350.2,998,,,hotel
hotel,Dar Souri,31.5154497,-9.766068,31.5154497,-9.766068,10,1350.2,997,,,guest_house
hotel,House of Omm,31.3554911,-9.7949638,31.3554911,-9.7949638,10,1350.2,975,,,hotel
hotel,Riad Le Grand Large,31.514675,-9.7693758,31.514675,-9.7693758,10,1350.2,951,,,hotel
hotel,Essaouira Atlas & Spa,31.5011526,-9.7624044,31.5011526,-9.7624044,10,1350.2,995,,,hotel
hotel,Thalassa sea & spa,31.5085542,-9.7658,31.5085542,-9.7658,10,1350.2,938,,,hotel
hotel,Des Iles,31.5110904,-9.7680455,31.5110904,-9.7680455,10,1350.2,992,,,hotel
hotel,Miramar,31.5081141,-9.765246,31.5081141,-9.765246,10,1350.2,991,,,hotel
hotel,Ryad Mogador,31.4946948,-9.76006,31.4946948,-9.76006,10,1350.2,957,,,hotel
hotel,Le Jardin de Douar,31.4950606,-9.7607996,31.4950606,-9.7607996,10,1350.2,958,,,hotel
hotel,Bahja de Mogador,31.5126193,-9.7584924,31.5126193,-9.7584924,10,1350.2,989,,,hotel
hotel,La Heure bleu,31.5121437,-9.7658999,31.5121437,-9.7658999,10,1350.2,994,,,hotel
hotel,Tangaro,31.4675438,-9.7649035,31.4675438,-9.7649035,10,1350.2,993,,,hotel
hotel,Villa Da Monte,31.4556542,-9.7462682,31.4556542,-9.7462682,10,1350.2,997,,,hotel
hotel,Villa Quieta,31.4982352,-9.7620101,31.4982352,-9.7620101,10,1350.2,990,,,hotel
hotel,13,31.4804475,-9.7658437,31.4804475,-9.7658437,10,1350.2,958,,,hotel
hotel,,31.3514273,-9.7955406,31.3514273,-9.7955406,10,1350.2,986,,,hotel
hotel,La Perle de Mogador ***,31.4953446,-9.7569657,31.4953446,-9.7569657,10,1350.2,990,,,hotel
hotel,Hotel Villa Soleil,31.3574043,-9.7963932,31.3574043,-9.7963932,10,1350.2,988,,,hotel
hotel,,31.4916374,-9.7638496,31.4916374,-9.7638496,10,1350.2,975,,,hotel
hotel,Sofitel Luxury Mogador,31.4696359,-9.7673163,31.4696359,-9.7673163,10,1350.2,959,,,hotel
hotel,La Pergola Hôtel-Restaurant,31.3540443,-9.7953889,31.3540443,-9.7953889,10,1350.2,937,,,hotel
hotel,Aziki - Tables et Chambres d'hôtes,31.0829843,-9.8060745,31.0829843,-9.8060745,10,1350.2,974,,,hostel
hotel,Dar Asmitou,31.5149093,-9.7662651,31.5149093,-9.7662651,10,1350.2,986,,,hotel
hotel,Dar Liouba,31.5137243,-9.766467,31.5137243,-9.766467,10,1350.2,991,,,hotel
hotel,Dar Bublik,31.5155688,-9.7689091,31.5155688,-9.7689091,10,1350.2,976,,,hotel
hotel,,31.3307821,-9.7922199,31.3307821,-9.7922199,10,1350.2,961,,,hotel
hotel,Kaouki Lodge,31.3559413,-9.7873334,31.3559413,-9.7873334,10,1350.2,996,,,guest_house
hotel,Dar Ory,31.514267,-9.7666339,31.514267,-9.7666339,10,1350.2,987,,,guest_house
hotel,Ocean Mogador,31.5081291,-9.7655422,31.5081291,-9.7655422,10,1350.2,886,,,hotel
hotel,Al Jasira,31.4993772,-9.7599401,31.4993772,-9.7599401,10,1350.2,998,,,hotel
hotel,Vent Des Dunes,31.4993006,-9.7594633,31.4993006,-9.7594633,10,1350.2,998,,,hotel
hotel,Riad Dar Lazuli,31.5121193,-9.7713174,31.5121193,-9.7713174,10,1350.2,989,,,guest_house
supermarket,Superette Fath,31.5031204,-9.7588506,31.5031204,-9.7588506,10,1350.2,956,,supermarket,
supermarket,tobaco,31.5072848,-9.7609827,31.5072848,-9.7609827,10,1350.2,978,,convenience,
supermarket,tobacco,31.5016329,-9.7581213,31.5016329,-9.7581213,10,1350.2,981,,convenience,
supermarket,,31.5019473,-9.7540501,31.5019473,-9.7540501,10,1350.2,993,,convenience,
supermarket,,31.5011843,-9.753472,31.5011843,-9.753472,10,1350.2,993,,convenience,
supermarket,tobacco,31.5117672,-9.7696251,31.5117672,-9.7696251,10,1350.2,946,,convenience,
supermarket,,31.478809,-9.7654831,31.478809,-9.7654831,10,1350.2,984,,convenience,
supermarket,Hanout Cucua Cula,31.5003448,-9.7563849,31.5003448,-9.7563849,10,1350.2,983,,convenience,
supermarket,,31.5051741,-9.7631658,31.5051741,-9.7631658,10,1350.2,989,,convenience,
supermarket,,31.5128106,-9.7713038,31.5128106,-9.7713038,10,1350.2,999,,convenience,
supermarket,,31.5007132,-9.7576799,31.5007132,-9.7576799,10,1350.2,989,,convenience,
supermarket,Fruits and vegetables,31.5017738,-9.7581045,31.5017738,-9.7581045,10,1350.2,994,,convenience,
supermarket,,31.5014109,-9.7580029,31.5014109,-9.7580029,10,1350.2,992,,convenience,
supermarket,,31.5014181,-9.7580216,31.5014181,-9.7580216,10,1350.2,991,,convenience,
supermarket,,31.353903,-9.7961063,31.353903,-9.7961063,10,1350.2,925,,convenience,
supermarket,,31.3538655,-9.7967205,31.3538655,-9.7967205,10,1350.2,928,,convenience,
supermarket,,31.3538634,-9.7967856,31.3538634,-9.7967856,10,1350.2,929,,convenience,
supermarket,,31.3559222,-9.7989108,31.3559222,-9.7989108,10,1350.2,934,,convenience,
supermarket,,31.3539103,-9.7966631,31.3539103,-9.7966631,10,1350.2,932,,convenience,
supermarket,,31.0964043,-9.8214931,31.0964043,-9.8214931,10,1350.2,937,,convenience,
supermarket,,31.095937,-9.8211903,31.095937,-9.8211903,10,1350.2,923,,convenience,
supermarket,,31.0864174,-9.8102244,31.0864174,-9.8102244,10,1350.2,965,,convenience,
supermarket,,31.5120505,-9.76633,31.5120505,-9.76633,10,1350.2,994,,convenience,
supermarket,,31.5151792,-9.7673479,31.5151792,-9.7673479,10,1350.2,996,,convenience,
supermarket,,31.5038513,-9.758377,31.5038513,-9.758377,10,1350.2,990,,supermarket,
supermarket,,31.5012142,-9.7582942,31.5012142,-9.7582942,10,1350.2,999,,convenience,
supermarket,,31.4996988,-9.7535066,31.4996988,-9.7535066,10,1350.2,983,,convenience,
supermarket,,31.4992629,-9.757198,31.4992629,-9.757198,10,1350.2,932,,convenience,
supermarket,,31.4994025,-9.7573586,31.4994025,-9.7573586,10,1350.2,932,,convenience,
supermarket,Mogador,31.5055329,-9.7631575,31.5055329,-9.7631575,10,1350.2,987,,supermarket,
supermarket,L`Ocean,31.4990449,-9.7566681,31.4990449,-9.7566681,10,1350.2,952,,supermarket,
supermarket,"fotocopies,papers",31.5029123,-9.7618196,31.5029123,-9.7618196,10,1350.2,994,,convenience,
supermarket,Afriquia أفريقيا,31.5071143,-9.7610181,31.5071143,-9.7610181,10,1350.2,959,fuel,convenience,
supermarket,Carrefour,31.4957252,-9.7520643,31.4957252,-9.7520643,10,1350.2,999,,supermarket,
pharmacy,Borj,31.5029762,-9.7592422,31.5029762,-9.7592422,10,1350.2,980,pharmacy,,
pharmacy,Pharmacie Plage صيدلية الشاطئ,31.5054776,-9.76265,31.5054776,-9.76265,10,1350.2,993,pharmacy,,
pharmacy,,31.5015333,-9.7583785,31.5015333,-9.7583785,10,1350.2,982,pharmacy,,
pharmacy,Pharmacie La Mosquée صيدلية المسجد,31.5019629,-9.7571233,31.5019629,-9.7571233,10,1350.2,995,pharmacy,,
pharmacy,,31.5112817,-9.7601672,31.5112817,-9.7601672,10,1350.2,997,pharmacy,,
pharmacy,Pharmacie Lalla Amina صيدلية للا أمينة,31.5134242,-9.761614,31.5134242,-9.761614,10,1350.2,967,pharmacy,,
pharmacy,,31.5073363,-9.7610029,31.5073363,-9.7610029,10,1350.2,983,pharmacy,,
pharmacy,Pharmacie Hamad صيدلية حمد,31.5122164,-9.7709752,31.5122164,-9.7709752,10,1350.2,994,pharmacy,,
pharmacy,Pharmacie La Kasbah صيدلية القصبة,31.5129836,-9.7710801,31.5129836,-9.7710801,10,1350.2,999,pharmacy,,
pharmacy,Pharmacie Bab Doukkala صيدلية باب دكالة,31.5159071,-9.7652952,31.5159071,-9.7652952,10,1350.2,983,pharmacy,,
pharmacy,El Massira,31.5159833,-9.7648725,31.5159833,-9.7648725,10,1350.2,991,pharmacy,,
pharmacy,Pharmacie Principale الصيدلية الرئيسية,31.5151071,-9.7672153,31.5151071,-9.7672153,10,1350.2,996,pharmacy,,
pharmacy,Pharmacie Azlef صيدلية أزلف,31.505743,-9.7583099,31.505743,-9.7583099,10,1350.2,992,pharmacy,,
pharmacy,Pharmacie Erraounak صيدلية الرونق,31.4994725,-9.7533725,31.4994725,-9.7533725,10,1350.2,985,pharmacy,,
pharmacy,Pharmacie Al Moustakbal صيدلية المستقبل,31.4986081,-9.7568228,31.4986081,-9.7568228,10,1350.2,977,pharmacy,,
pharmacy,Pharmacie Essaouira,31.5032293,-9.757175,31.5032293,-9.757175,10,1350.2,992,pharmacy,,
pharmacy,Pharmacie Al Borj,31.5030414,-9.7588374,31.5030414,-9.7588374,10,1350.2,949,pharmacy,,
pharmacy,Pharmacie Hizam Al Akhdar صيدلية الحزام الأخضر,31.5040498,-9.7543868,31.5040498,-9.7543868,10,1350.2,979,pharmacy,,
pharmacy,Pharmacie Sidi Magdoul صيدلية سيدي مكدول,31.5089598,-9.7578162,31.5089598,-9.7578162,10,1350.2,967,pharmacy,,
pharmacy,Pharmacie Populaire الصيدلية الشعبية,31.5074891,-9.7609797,31.5074891,-9.7609797,10,1350.2,939,pharmacy,,
pharmacy,Pharmacie Al Afaq صيدلية الأفاق,31.5086457,-9.7571031,31.5086457,-9.7571031,10,1350.2,975,pharmacy,,
pharmacy,Pharmacie Najib صيدلية نجيب,31.5113287,-9.759934,31.5113287,-9.759934,10,1350.2,971,pharmacy,,
pharmacy,Pharmacie Koutoubia صيدلية كتبية,31.5118156,-9.7575245,31.5118156,-9.7575245,10,1350.2,966,pharmacy,,
pharmacy,Pharmacie Smimou صيدلية سميمو,31.5150638,-9.764448,31.5150638,-9.764448,10,1350.2,978,pharmacy,,
pharmacy,Pharmacie Mogador صيدلية موكادور,31.5166647,-9.7624538,31.5166647,-9.7624538,10,1350.2,987,pharmacy,,
pharmacy,Pharmacie El Massira صيدلية المسيرة,31.5142935,-9.7637187,31.5142935,-9.7637187,10,1350.2,983,pharmacy,,
pharmacy,Pharmacie Mallah Kdim صيدلية ملاح قديم,31.5145768,-9.7694615,31.5145768,-9.7694615,10,1350.2,945,pharmacy,,
pharmacy,Pharmacie Les Dunes صيدلية التلال,31.5141168,-9.7586436,31.5141168,-9.7586436,10,1350.2,998,pharmacy,,
pharmacy,Pharmacie Al Haddadah صيدلية الحدادة,31.5135619,-9.7690238,31.5135619,-9.7690238,10,1350.2,995,pharmacy,,
pharmacy,,31.5122099,-9.7671345,31.5122099,-9.7671345,10,1350.2,996,pharmacy,,
fuel,Oilibya,31.5033691,-9.7632449,31.5033691,-9.7632449,10,1350.2,997,fuel,,
fuel,Afriquia أفريقيا,31.496131,-9.7551543,31.496131,-9.7551543,10,1350.2,998,fuel,,
fuel,TotalEnergies,31.496614,-9.7543274,31.496614,-9.7543274,10,1350.2,990,fuel,,
hospital,,31.5053204,-9.7628157,31.5053204,-9.7628157,10,1350.2,976,doctors,,
hospital,Dr.Ragtaui Abdellatif,31.5066059,-9.7611355,31.5066059,-9.7611355,10,1350.2,992,doctors,,
hospital,Sidi Mohamed Ben Abdellah,31.5113452,-9.7627833,31.5113452,-9.7627833,10,1350.2,998,hospital,,
hospital,Clinicque International de Mogador,31.5066414,-9.7635338,31.5066414,-9.7635338,10,1350.2,996,hospital,,
atm,Banque de Hotelier,31.5111392,-9.7693078,31.5111392,-9.7693078,10,1350.2,984,atm,,
atm,,31.5138389,-9.7684033,31.5138389,-9.7684033,10,1350.2,994,bank,,
atm,BMCI البنك المغربي للتجارة والصناعة,31.5098851,-9.7678155,31.5098851,-9.7678155,10,1350.2,993,bank,,
atm,Banque Populaire البنك الشعبي,31.5120508,-9.7722603,31.5120508,-9.7722603,10,1350.2,999,bank,,
atm,Crédit du Maroc,31.5118717,-9.7717078,31.5118717,-9.7717078,10,1350.2,998,bank,,
atm,Saham Bank سهام بنك,31.5117069,-9.7708009,31.5117069,-9.7708009,10,1350.2,994,atm,,
atm,Attijariwafa,31.5118921,-9.7722438,31.5118921,-9.7722438,10,1350.2,999,atm,,
atm,,31.5127996,-9.7714354,31.5127996,-9.7714354,10,1350.2,999,atm,,
atm,Banque Populaire البنك الشعبي,31.5066595,-9.7609417,31.5066595,-9.7609417,10,1350.2,910,bank,,
atm,Banque Populaire البنك الشعبي,31.5149926,-9.7643684,31.5149926,-9.7643684,10,1350.2,970,bank,,
atm,,31.5169064,-9.7650026,31.5169064,-9.7650026,10,1350.2,948,atm,,
atm,Bank of Africa ⵍⴱⴰⵏⴽ ⵏ ⴰⴼⵔⵉⵇⵢⴰ بنك أفريقيا,31.5127644,-9.7713889,31.5127644,-9.7713889,10,1350.2,999,bank,,
atm,Bank of Africa,31.5160422,-9.7604324,31.5160422,-9.7604324,10,1350.2,998,bank,,
atm,,31.5102525,-9.7599701,31.5102525,-9.7599701,10,1350.2,997,bank,,
atm,,31.5111663,-9.769353,31.5111663,-9.769353,10,1350.2,989,atm,,
atm,,31.5061774,-9.7608699,31.5061774,-9.7608699,10,1350.2,999,bank,,
atm,Credit Agricole Maroc,31.5016756,-9.7587161,31.5016756,-9.7587161,10,1350.2,978,bank,,
atm,Crédit du Maroc,31.5059474,-9.7607769,31.5059474,-9.7607769,10,1350.2,997,bank,,
atm,,31.5170117,-9.7649021,31.5170117,-9.7649021,10,1350.2,961,atm,,
atm,,31.5105971,-9.759758,31.5105971,-9.759758,10,1350.2,972,atm,,
atm,Attijariwafa Bank التجاري وفا بنك,31.5032651,-9.7581611,31.5032651,-9.7581611,10,1350.2,999,bank,,
atm,,31.5102413,-9.7665683,31.5102413,-9.7665683,10,1350.2,983,bank,,
atm,,31.5100964,-9.7667029,31.5100964,-9.7667029,10,1350.2,994,atm,,
atm,Cih Bank,31.5157662,-9.7649895,31.5157662,-9.7649895,10,1350.2,967,bank,,
atm,Crédit Agricole,31.5138671,-9.7620338,31.5138671,-9.7620338,10,1350.2,996,bank,,
atm,,31.5037585,-9.7633202,31.5037585,-9.7633202,10,1350.2,989,atm,,
